Outlet_ID,Trade_Spend_Allocation_LKR
OUT_00001,700.0
OUT_00002,2400.0
OUT_00003,400.0
OUT_00004,2500.0
OUT_00005,400.0
OUT_00006,2600.0
OUT_00007,500.0
OUT_00008,800.0
OUT_00009,2000.0
OUT_00010,400.0
OUT_00011,1500.0
OUT_00012,600.0
OUT_00013,600.0
OUT_00014,500.0
OUT_00015,2600.0
OUT_00016,2100.0
OUT_00017,500.0
OUT_00018,2400.0
OUT_00019,900.0
OUT_00020,600.0
OUT_00021,700.0
OUT_00022,2400.0
OUT_00023,800.0
OUT_00024,400.0
OUT_00025,700.0
OUT_00026,700.0
OUT_00027,800.0
OUT_00028,800.0
OUT_00029,500.0
OUT_00030,900.0
OUT_00031,400.0
OUT_00032,2100.0
OUT_00033,700.0
OUT_00034,600.0
OUT_00035,700.0
OUT_00036,600.0
OUT_00037,2100.0
OUT_00038,500.0
OUT_00039,600.0
OUT_00040,700.0
OUT_00041,500.0
OUT_00042,700.0
OUT_00043,500.0
OUT_00044,600.0
OUT_00045,200.0
OUT_00046,500.0
OUT_00047,400.0
OUT_00048,500.0
OUT_00049,600.0
OUT_00050,400.0
OUT_00051,600.0
OUT_00052,400.0
OUT_00053,400.0
OUT_00054,2200.0
OUT_00055,400.0
OUT_00056,1800.0
OUT_00057,400.0
OUT_00058,2400.0
OUT_00059,800.0
OUT_00060,500.0
OUT_00061,500.0
OUT_00062,500.0
OUT_00063,500.0
OUT_00064,800.0
OUT_00065,400.0
OUT_00066,2700.0
OUT_00067,800.0
OUT_00068,500.0
OUT_00069,800.0
OUT_00070,600.0
OUT_00071,500.0
OUT_00072,500.0
OUT_00073,800.0
OUT_00074,600.0
OUT_00075,700.0
OUT_00076,800.0
OUT_00077,600.0
OUT_00078,2600.0
OUT_00079,600.0
OUT_00080,2700.0
OUT_00081,3400.0
OUT_00082,600.0
OUT_00083,500.0
OUT_00084,2400.0
OUT_00085,500.0
OUT_00086,500.0
OUT_00087,600.0
OUT_00088,600.0
OUT_00089,400.0
OUT_00090,1900.0
OUT_00091,2900.0
OUT_00092,600.0
OUT_00093,300.0
OUT_00094,800.0
OUT_00095,400.0
OUT_00096,600.0
OUT_00097,400.0
OUT_00098,500.0
OUT_00099,300.0
OUT_00100,1100.0
OUT_00101,500.0
OUT_00102,600.0
OUT_00103,2300.0
OUT_00104,500.0
OUT_00105,400.0
OUT_00106,2100.0
OUT_00107,300.0
OUT_00108,400.0
OUT_00109,400.0
OUT_00110,500.0
OUT_00111,2200.0
OUT_00112,600.0
OUT_00113,500.0
OUT_00114,1000.0
OUT_00115,500.0
OUT_00116,600.0
OUT_00117,500.0
OUT_00118,500.0
OUT_00119,600.0
OUT_00120,700.0
OUT_00121,600.0
OUT_00122,400.0
OUT_00123,400.0
OUT_00124,500.0
OUT_00125,700.0
OUT_00126,2400.0
OUT_00127,900.0
OUT_00128,600.0
OUT_00129,500.0
OUT_00130,400.0
OUT_00131,700.0
OUT_00132,600.0
OUT_00133,2300.0
OUT_00134,600.0
OUT_00135,2200.0
OUT_00136,500.0
OUT_00137,1900.0
OUT_00138,400.0
OUT_00139,2700.0
OUT_00140,1400.0
OUT_00141,3000.0
OUT_00142,500.0
OUT_00143,300.0
OUT_00144,1900.0
OUT_00145,400.0
OUT_00146,2300.0
OUT_00147,800.0
OUT_00148,2500.0
OUT_00149,400.0
OUT_00150,400.0
OUT_00151,500.0
OUT_00152,300.0
OUT_00153,800.0
OUT_00154,500.0
OUT_00155,600.0
OUT_00156,800.0
OUT_00157,500.0
OUT_00158,1800.0
OUT_00159,3200.0
OUT_00160,800.0
OUT_00161,700.0
OUT_00162,400.0
OUT_00163,1800.0
OUT_00164,600.0
OUT_00165,500.0
OUT_00166,3300.0
OUT_00167,3200.0
OUT_00168,600.0
OUT_00169,600.0
OUT_00170,500.0
OUT_00171,200.0
OUT_00172,600.0
OUT_00173,2700.0
OUT_00174,700.0
OUT_00175,600.0
OUT_00176,600.0
OUT_00177,400.0
OUT_00178,700.0
OUT_00179,400.0
OUT_00180,600.0
OUT_00181,400.0
OUT_00182,700.0
OUT_00183,800.0
OUT_00184,800.0
OUT_00185,3000.0
OUT_00186,500.0
OUT_00187,600.0
OUT_00188,400.0
OUT_00189,600.0
OUT_00190,500.0
OUT_00191,500.0
OUT_00192,400.0
OUT_00193,400.0
OUT_00194,600.0
OUT_00195,400.0
OUT_00196,400.0
OUT_00197,2100.0
OUT_00198,2400.0
OUT_00199,2200.0
OUT_00200,400.0
OUT_00201,2000.0
OUT_00202,400.0
OUT_00203,2500.0
OUT_00204,200.0
OUT_00205,500.0
OUT_00206,700.0
OUT_00207,600.0
OUT_00208,300.0
OUT_00209,700.0
OUT_00210,500.0
OUT_00211,500.0
OUT_00212,400.0
OUT_00213,700.0
OUT_00214,500.0
OUT_00215,500.0
OUT_00216,400.0
OUT_00217,500.0
OUT_00218,2100.0
OUT_00219,500.0
OUT_00220,400.0
OUT_00221,400.0
OUT_00222,700.0
OUT_00223,200.0
OUT_00224,3000.0
OUT_00225,800.0
OUT_00226,700.0
OUT_00227,800.0
OUT_00228,2600.0
OUT_00229,1800.0
OUT_00230,2300.0
OUT_00231,600.0
OUT_00232,700.0
OUT_00233,2100.0
OUT_00234,500.0
OUT_00235,500.0
OUT_00236,1700.0
OUT_00237,300.0
OUT_00238,2700.0
OUT_00239,200.0
OUT_00240,400.0
OUT_00241,900.0
OUT_00242,900.0
OUT_00243,700.0
OUT_00244,600.0
OUT_00245,3200.0
OUT_00246,600.0
OUT_00247,700.0
OUT_00248,300.0
OUT_00249,500.0
OUT_00250,500.0
OUT_00251,600.0
OUT_00252,500.0
OUT_00253,600.0
OUT_00254,600.0
OUT_00255,3200.0
OUT_00256,700.0
OUT_00257,400.0
OUT_00258,500.0
OUT_00259,500.0
OUT_00260,700.0
OUT_00261,500.0
OUT_00262,500.0
OUT_00263,600.0
OUT_00264,500.0
OUT_00265,800.0
OUT_00266,700.0
OUT_00267,400.0
OUT_00268,600.0
OUT_00269,200.0
OUT_00270,900.0
OUT_00271,1700.0
OUT_00272,400.0
OUT_00273,900.0
OUT_00274,300.0
OUT_00275,600.0
OUT_00276,500.0
OUT_00277,400.0
OUT_00278,500.0
OUT_00279,2700.0
OUT_00280,400.0
OUT_00281,2100.0
OUT_00282,1200.0
OUT_00283,500.0
OUT_00284,600.0
OUT_00285,700.0
OUT_00286,500.0
OUT_00287,700.0
OUT_00288,2200.0
OUT_00289,1600.0
OUT_00290,500.0
OUT_00291,500.0
OUT_00292,400.0
OUT_00293,2400.0
OUT_00294,500.0
OUT_00295,800.0
OUT_00296,700.0
OUT_00297,3000.0
OUT_00298,900.0
OUT_00299,700.0
OUT_00300,600.0
OUT_00301,500.0
OUT_00302,600.0
OUT_00303,500.0
OUT_00304,1700.0
OUT_00305,2600.0
OUT_00306,500.0
OUT_00307,600.0
OUT_00308,700.0
OUT_00309,500.0
OUT_00310,400.0
OUT_00311,300.0
OUT_00312,700.0
OUT_00313,900.0
OUT_00314,2500.0
OUT_00315,600.0
OUT_00316,400.0
OUT_00317,500.0
OUT_00318,800.0
OUT_00319,500.0
OUT_00320,500.0
OUT_00321,400.0
OUT_00322,600.0
OUT_00323,400.0
OUT_00324,300.0
OUT_00325,700.0
OUT_00326,400.0
OUT_00327,700.0
OUT_00328,500.0
OUT_00329,500.0
OUT_00330,700.0
OUT_00331,400.0
OUT_00332,500.0
OUT_00333,500.0
OUT_00334,300.0
OUT_00335,700.0
OUT_00336,600.0
OUT_00337,800.0
OUT_00338,300.0
OUT_00339,300.0
OUT_00340,600.0
OUT_00341,300.0
OUT_00342,1000.0
OUT_00343,1100.0
OUT_00344,400.0
OUT_00345,800.0
OUT_00346,400.0
OUT_00347,300.0
OUT_00348,8400.0
OUT_00349,500.0
OUT_00350,700.0
OUT_00351,2100.0
OUT_00352,600.0
OUT_00353,400.0
OUT_00354,700.0
OUT_00355,600.0
OUT_00356,2100.0
OUT_00357,600.0
OUT_00358,300.0
OUT_00359,600.0
OUT_00360,300.0
OUT_00361,500.0
OUT_00362,400.0
OUT_00363,2200.0
OUT_00364,400.0
OUT_00365,700.0
OUT_00366,1800.0
OUT_00367,400.0
OUT_00368,3000.0
OUT_00369,600.0
OUT_00370,600.0
OUT_00371,400.0
OUT_00372,600.0
OUT_00373,600.0
OUT_00374,500.0
OUT_00375,700.0
OUT_00376,500.0
OUT_00377,500.0
OUT_00378,700.0
OUT_00379,500.0
OUT_00380,800.0
OUT_00381,600.0
OUT_00382,400.0
OUT_00383,3700.0
OUT_00384,400.0
OUT_00385,600.0
OUT_00386,400.0
OUT_00387,800.0
OUT_00388,600.0
OUT_00389,700.0
OUT_00390,500.0
OUT_00391,300.0
OUT_00392,600.0
OUT_00393,700.0
OUT_00394,400.0
OUT_00395,400.0
OUT_00396,700.0
OUT_00397,500.0
OUT_00398,800.0
OUT_00399,500.0
OUT_00400,300.0
OUT_00401,200.0
OUT_00402,400.0
OUT_00403,300.0
OUT_00404,200.0
OUT_00405,300.0
OUT_00406,100.0
OUT_00407,300.0
OUT_00408,300.0
OUT_00409,400.0
OUT_00410,300.0
OUT_00411,200.0
OUT_00412,200.0
OUT_00413,1100.0
OUT_00414,400.0
OUT_00415,200.0
OUT_00416,400.0
OUT_00417,2000.0
OUT_00418,300.0
OUT_00419,200.0
OUT_00420,100.0
OUT_00421,300.0
OUT_00422,0.0
OUT_00423,1800.0
OUT_00424,2200.0
OUT_00425,200.0
OUT_00426,400.0
OUT_00427,400.0
OUT_00428,4600.0
OUT_00429,300.0
OUT_00430,200.0
OUT_00431,100.0
OUT_00432,5400.0
OUT_00433,300.0
OUT_00434,4900.0
OUT_00435,300.0
OUT_00436,300.0
OUT_00437,300.0
OUT_00438,400.0
OUT_00439,200.0
OUT_00440,200.0
OUT_00441,400.0
OUT_00442,0.0
OUT_00443,400.0
OUT_00444,100.0
OUT_00445,2200.0
OUT_00446,300.0
OUT_00447,100.0
OUT_00448,200.0
OUT_00449,5300.0
OUT_00450,400.0
OUT_00451,100.0
OUT_00452,200.0
OUT_00453,400.0
OUT_00454,200.0
OUT_00455,4400.0
OUT_00456,200.0
OUT_00457,600.0
OUT_00458,200.0
OUT_00459,300.0
OUT_00460,200.0
OUT_00461,200.0
OUT_00462,400.0
OUT_00463,800.0
OUT_00464,400.0
OUT_00465,200.0
OUT_00466,400.0
OUT_00467,100.0
OUT_00468,800.0
OUT_00469,200.0
OUT_00470,200.0
OUT_00471,500.0
OUT_00472,500.0
OUT_00473,100.0
OUT_00474,100.0
OUT_00475,400.0
OUT_00476,300.0
OUT_00477,300.0
OUT_00478,200.0
OUT_00479,300.0
OUT_00480,300.0
OUT_00481,300.0
OUT_00482,300.0
OUT_00483,100.0
OUT_00484,100.0
OUT_00485,300.0
OUT_00486,200.0
OUT_00487,200.0
OUT_00488,400.0
OUT_00489,200.0
OUT_00490,0.0
OUT_00491,200.0
OUT_00492,600.0
OUT_00493,500.0
OUT_00494,0.0
OUT_00495,400.0
OUT_00496,200.0
OUT_00497,200.0
OUT_00498,300.0
OUT_00499,300.0
OUT_00500,300.0
OUT_00501,300.0
OUT_00502,300.0
OUT_00503,700.0
OUT_00504,200.0
OUT_00505,200.0
OUT_00506,4200.0
OUT_00507,4400.0
OUT_00508,400.0
OUT_00509,300.0
OUT_00510,200.0
OUT_00511,300.0
OUT_00512,100.0
OUT_00513,200.0
OUT_00514,300.0
OUT_00515,400.0
OUT_00516,100.0
OUT_00517,400.0
OUT_00518,400.0
OUT_00519,200.0
OUT_00520,200.0
OUT_00521,100.0
OUT_00522,100.0
OUT_00523,400.0
OUT_00524,200.0
OUT_00525,700.0
OUT_00526,200.0
OUT_00527,400.0
OUT_00528,500.0
OUT_00529,400.0
OUT_00530,600.0
OUT_00531,100.0
OUT_00532,100.0
OUT_00533,200.0
OUT_00534,700.0
OUT_00535,300.0
OUT_00536,200.0
OUT_00537,300.0
OUT_00538,300.0
OUT_00539,600.0
OUT_00540,100.0
OUT_00541,300.0
OUT_00542,300.0
OUT_00543,100.0
OUT_00544,100.0
OUT_00545,300.0
OUT_00546,400.0
OUT_00547,100.0
OUT_00548,100.0
OUT_00549,400.0
OUT_00550,400.0
OUT_00551,500.0
OUT_00552,100.0
OUT_00553,500.0
OUT_00554,300.0
OUT_00555,300.0
OUT_00556,200.0
OUT_00557,200.0
OUT_00558,300.0
OUT_00559,200.0
OUT_00560,400.0
OUT_00561,400.0
OUT_00562,300.0
OUT_00563,100.0
OUT_00564,200.0
OUT_00565,300.0
OUT_00566,300.0
OUT_00567,600.0
OUT_00568,4500.0
OUT_00569,200.0
OUT_00570,400.0
OUT_00571,200.0
OUT_00572,300.0
OUT_00573,1900.0
OUT_00574,200.0
OUT_00575,200.0
OUT_00576,200.0
OUT_00577,600.0
OUT_00578,100.0
OUT_00579,3600.0
OUT_00580,600.0
OUT_00581,300.0
OUT_00582,200.0
OUT_00583,200.0
OUT_00584,300.0
OUT_00585,200.0
OUT_00586,400.0
OUT_00587,400.0
OUT_00588,200.0
OUT_00589,400.0
OUT_00590,300.0
OUT_00591,700.0
OUT_00592,200.0
OUT_00593,100.0
OUT_00594,200.0
OUT_00595,200.0
OUT_00596,100.0
OUT_00597,200.0
OUT_00598,100.0
OUT_00599,100.0
OUT_00600,500.0
OUT_00601,300.0
OUT_00602,100.0
OUT_00603,300.0
OUT_00604,500.0
OUT_00605,100.0
OUT_00606,600.0
OUT_00607,500.0
OUT_00608,300.0
OUT_00609,300.0
OUT_00610,2300.0
OUT_00611,200.0
OUT_00612,0.0
OUT_00613,0.0
OUT_00614,700.0
OUT_00615,100.0
OUT_00616,300.0
OUT_00617,400.0
OUT_00618,300.0
OUT_00619,4800.0
OUT_00620,300.0
OUT_00621,500.0
OUT_00622,400.0
OUT_00623,200.0
OUT_00624,500.0
OUT_00625,300.0
OUT_00626,2100.0
OUT_00627,200.0
OUT_00628,100.0
OUT_00629,400.0
OUT_00630,200.0
OUT_00631,0.0
OUT_00632,0.0
OUT_00633,500.0
OUT_00634,300.0
OUT_00635,300.0
OUT_00636,300.0
OUT_00637,400.0
OUT_00638,400.0
OUT_00639,700.0
OUT_00640,200.0
OUT_00641,200.0
OUT_00642,200.0
OUT_00643,1300.0
OUT_00644,100.0
OUT_00645,400.0
OUT_00646,300.0
OUT_00647,400.0
OUT_00648,400.0
OUT_00649,800.0
OUT_00650,200.0
OUT_00651,300.0
OUT_00652,500.0
OUT_00653,300.0
OUT_00654,400.0
OUT_00655,200.0
OUT_00656,500.0
OUT_00657,100.0
OUT_00658,200.0
OUT_00659,100.0
OUT_00660,2300.0
OUT_00661,300.0
OUT_00662,200.0
OUT_00663,300.0
OUT_00664,200.0
OUT_00665,300.0
OUT_00666,2500.0
OUT_00667,200.0
OUT_00668,200.0
OUT_00669,200.0
OUT_00670,400.0
OUT_00671,400.0
OUT_00672,200.0
OUT_00673,400.0
OUT_00674,400.0
OUT_00675,400.0
OUT_00676,300.0
OUT_00677,300.0
OUT_00678,200.0
OUT_00679,200.0
OUT_00680,300.0
OUT_00681,400.0
OUT_00682,400.0
OUT_00683,300.0
OUT_00684,5200.0
OUT_00685,200.0
OUT_00686,500.0
OUT_00687,500.0
OUT_00688,200.0
OUT_00689,4900.0
OUT_00690,200.0
OUT_00691,4300.0
OUT_00692,100.0
OUT_00693,500.0
OUT_00694,700.0
OUT_00695,200.0
OUT_00696,100.0
OUT_00697,500.0
OUT_00698,500.0
OUT_00699,700.0
OUT_00700,100.0
OUT_00701,0.0
OUT_00702,200.0
OUT_00703,300.0
OUT_00704,400.0
OUT_00705,0.0
OUT_00706,300.0
OUT_00707,200.0
OUT_00708,400.0
OUT_00709,300.0
OUT_00710,300.0
OUT_00711,400.0
OUT_00712,600.0
OUT_00713,400.0
OUT_00714,100.0
OUT_00715,200.0
OUT_00716,100.0
OUT_00717,2800.0
OUT_00718,200.0
OUT_00719,200.0
OUT_00720,500.0
OUT_00721,100.0
OUT_00722,300.0
OUT_00723,100.0
OUT_00724,200.0
OUT_00725,300.0
OUT_00726,400.0
OUT_00727,400.0
OUT_00728,2600.0
OUT_00729,200.0
OUT_00730,300.0
OUT_00731,800.0
OUT_00732,300.0
OUT_00733,400.0
OUT_00734,600.0
OUT_00735,200.0
OUT_00736,600.0
OUT_00737,500.0
OUT_00738,400.0
OUT_00739,400.0
OUT_00740,300.0
OUT_00741,200.0
OUT_00742,5500.0
OUT_00743,200.0
OUT_00744,300.0
OUT_00745,300.0
OUT_00746,2200.0
OUT_00747,400.0
OUT_00748,300.0
OUT_00749,600.0
OUT_00750,200.0
OUT_00751,200.0
OUT_00752,100.0
OUT_00753,500.0
OUT_00754,300.0
OUT_00755,800.0
OUT_00756,300.0
OUT_00757,300.0
OUT_00758,200.0
OUT_00759,200.0
OUT_00760,200.0
OUT_00761,400.0
OUT_00762,400.0
OUT_00763,100.0
OUT_00764,200.0
OUT_00765,300.0
OUT_00766,300.0
OUT_00767,300.0
OUT_00768,300.0
OUT_00769,400.0
OUT_00770,100.0
OUT_00771,300.0
OUT_00772,500.0
OUT_00773,1700.0
OUT_00774,400.0
OUT_00775,400.0
OUT_00776,300.0
OUT_00777,100.0
OUT_00778,4500.0
OUT_00779,300.0
OUT_00780,200.0
OUT_00781,300.0
OUT_00782,100.0
OUT_00783,300.0
OUT_00784,100.0
OUT_00785,500.0
OUT_00786,300.0
OUT_00787,400.0
OUT_00788,200.0
OUT_00789,400.0
OUT_00790,200.0
OUT_00791,4200.0
OUT_00792,900.0
OUT_00793,300.0
OUT_00794,300.0
OUT_00795,800.0
OUT_00796,300.0
OUT_00797,200.0
OUT_00798,200.0
OUT_00799,700.0
OUT_00800,500.0
OUT_00801,200.0
OUT_00802,400.0
OUT_00803,200.0
OUT_00804,200.0
OUT_00805,300.0
OUT_00806,0.0
OUT_00807,0.0
OUT_00808,400.0
OUT_00809,300.0
OUT_00810,200.0
OUT_00811,100.0
OUT_00812,200.0
OUT_00813,100.0
OUT_00814,200.0
OUT_00815,4400.0
OUT_00816,300.0
OUT_00817,300.0
OUT_00818,200.0
OUT_00819,100.0
OUT_00820,100.0
OUT_00821,200.0
OUT_00822,500.0
OUT_00823,600.0
OUT_00824,200.0
OUT_00825,400.0
OUT_00826,200.0
OUT_00827,200.0
OUT_00828,200.0
OUT_00829,100.0
OUT_00830,200.0
OUT_00831,200.0
OUT_00832,200.0
OUT_00833,300.0
OUT_00834,300.0
OUT_00835,200.0
OUT_00836,300.0
OUT_00837,500.0
OUT_00838,500.0
OUT_00839,300.0
OUT_00840,4900.0
OUT_00841,100.0
OUT_00842,200.0
OUT_00843,300.0
OUT_00844,400.0
OUT_00845,400.0
OUT_00846,100.0
OUT_00847,200.0
OUT_00848,200.0
OUT_00849,400.0
OUT_00850,100.0
OUT_00851,100.0
OUT_00852,300.0
OUT_00853,5300.0
OUT_00854,200.0
OUT_00855,100.0
OUT_00856,5000.0
OUT_00857,500.0
OUT_00858,200.0
OUT_00859,200.0
OUT_00860,200.0
OUT_00861,0.0
OUT_00862,100.0
OUT_00863,100.0
OUT_00864,400.0
OUT_00865,300.0
OUT_00866,300.0
OUT_00867,400.0
OUT_00868,300.0
OUT_00869,300.0
OUT_00870,300.0
OUT_00871,500.0
OUT_00872,100.0
OUT_00873,700.0
OUT_00874,200.0
OUT_00875,400.0
OUT_00876,100.0
OUT_00877,1900.0
OUT_00878,200.0
OUT_00879,200.0
OUT_00880,200.0
OUT_00881,600.0
OUT_00882,400.0
OUT_00883,400.0
OUT_00884,200.0
OUT_00885,300.0
OUT_00886,4800.0
OUT_00887,300.0
OUT_00888,200.0
OUT_00889,200.0
OUT_00890,300.0
OUT_00891,300.0
OUT_00892,100.0
OUT_00893,200.0
OUT_00894,400.0
OUT_00895,300.0
OUT_00896,200.0
OUT_00897,300.0
OUT_00898,100.0
OUT_00899,300.0
OUT_00900,400.0
OUT_00901,100.0
OUT_00902,300.0
OUT_00903,600.0
OUT_00904,100.0
OUT_00905,100.0
OUT_00906,700.0
OUT_00907,200.0
OUT_00908,400.0
OUT_00909,300.0
OUT_00910,400.0
OUT_00911,0.0
OUT_00912,800.0
OUT_00913,200.0
OUT_00914,400.0
OUT_00915,200.0
OUT_00916,300.0
OUT_00917,200.0
OUT_00918,600.0
OUT_00919,200.0
OUT_00920,300.0
OUT_00921,200.0
OUT_00922,200.0
OUT_00923,600.0
OUT_00924,300.0
OUT_00925,400.0
OUT_00926,200.0
OUT_00927,300.0
OUT_00928,200.0
OUT_00929,200.0
OUT_00930,300.0
OUT_00931,300.0
OUT_00932,200.0
OUT_00933,600.0
OUT_00934,500.0
OUT_00935,200.0
OUT_00936,100.0
OUT_00937,400.0
OUT_00938,300.0
OUT_00939,100.0
OUT_00940,300.0
OUT_00941,200.0
OUT_00942,300.0
OUT_00943,900.0
OUT_00944,100.0
OUT_00945,200.0
OUT_00946,200.0
OUT_00947,200.0
OUT_00948,200.0
OUT_00949,100.0
OUT_00950,200.0
OUT_00951,300.0
OUT_00952,700.0
OUT_00953,400.0
OUT_00954,800.0
OUT_00955,200.0
OUT_00956,200.0
OUT_00957,200.0
OUT_00958,200.0
OUT_00959,400.0
OUT_00960,400.0
OUT_00961,100.0
OUT_00962,300.0
OUT_00963,400.0
OUT_00964,100.0
OUT_00965,5000.0
OUT_00966,300.0
OUT_00967,100.0
OUT_00968,300.0
OUT_00969,400.0
OUT_00970,200.0
OUT_00971,200.0
OUT_00972,400.0
OUT_00973,600.0
OUT_00974,0.0
OUT_00975,300.0
OUT_00976,200.0
OUT_00977,200.0
OUT_00978,300.0
OUT_00979,400.0
OUT_00980,200.0
OUT_00981,300.0
OUT_00982,200.0
OUT_00983,100.0
OUT_00984,100.0
OUT_00985,500.0
OUT_00986,700.0
OUT_00987,100.0
OUT_00988,300.0
OUT_00989,200.0
OUT_00990,800.0
OUT_00991,100.0
OUT_00992,300.0
OUT_00993,200.0
OUT_00994,400.0
OUT_00995,1000.0
OUT_00996,5100.0
OUT_00997,300.0
OUT_00998,400.0
OUT_00999,400.0
OUT_01000,100.0
OUT_01001,200.0
OUT_01002,300.0
OUT_01003,400.0
OUT_01004,0.0
OUT_01005,300.0
OUT_01006,4400.0
OUT_01007,200.0
OUT_01008,400.0
OUT_01009,200.0
OUT_01010,400.0
OUT_01011,200.0
OUT_01012,200.0
OUT_01013,400.0
OUT_01014,400.0
OUT_01015,200.0
OUT_01016,300.0
OUT_01017,200.0
OUT_01018,600.0
OUT_01019,100.0
OUT_01020,300.0
OUT_01021,200.0
OUT_01022,200.0
OUT_01023,500.0
OUT_01024,200.0
OUT_01025,400.0
OUT_01026,300.0
OUT_01027,400.0
OUT_01028,0.0
OUT_01029,300.0
OUT_01030,100.0
OUT_01031,200.0
OUT_01032,4700.0
OUT_01033,200.0
OUT_01034,300.0
OUT_01035,200.0
OUT_01036,2000.0
OUT_01037,300.0
OUT_01038,200.0
OUT_01039,200.0
OUT_01040,200.0
OUT_01041,300.0
OUT_01042,300.0
OUT_01043,400.0
OUT_01044,4000.0
OUT_01045,200.0
OUT_01046,300.0
OUT_01047,200.0
OUT_01048,100.0
OUT_01049,400.0
OUT_01050,200.0
OUT_01051,300.0
OUT_01052,400.0
OUT_01053,200.0
OUT_01054,300.0
OUT_01055,400.0
OUT_01056,200.0
OUT_01057,200.0
OUT_01058,300.0
OUT_01059,300.0
OUT_01060,500.0
OUT_01061,4800.0
OUT_01062,300.0
OUT_01063,200.0
OUT_01064,300.0
OUT_01065,400.0
OUT_01066,200.0
OUT_01067,300.0
OUT_01068,200.0
OUT_01069,200.0
OUT_01070,300.0
OUT_01071,300.0
OUT_01072,200.0
OUT_01073,800.0
OUT_01074,400.0
OUT_01075,300.0
OUT_01076,200.0
OUT_01077,100.0
OUT_01078,400.0
OUT_01079,500.0
OUT_01080,300.0
OUT_01081,200.0
OUT_01082,0.0
OUT_01083,200.0
OUT_01084,200.0
OUT_01085,700.0
OUT_01086,300.0
OUT_01087,300.0
OUT_01088,300.0
OUT_01089,200.0
OUT_01090,500.0
OUT_01091,400.0
OUT_01092,100.0
OUT_01093,200.0
OUT_01094,200.0
OUT_01095,200.0
OUT_01096,200.0
OUT_01097,300.0
OUT_01098,200.0
OUT_01099,400.0
OUT_01100,4900.0
OUT_01101,100.0
OUT_01102,400.0
OUT_01103,200.0
OUT_01104,200.0
OUT_01105,600.0
OUT_01106,300.0
OUT_01107,400.0
OUT_01108,4600.0
OUT_01109,300.0
OUT_01110,400.0
OUT_01111,300.0
OUT_01112,300.0
OUT_01113,200.0
OUT_01114,300.0
OUT_01115,200.0
OUT_01116,200.0
OUT_01117,400.0
OUT_01118,100.0
OUT_01119,200.0
OUT_01120,400.0
OUT_01121,400.0
OUT_01122,100.0
OUT_01123,400.0
OUT_01124,3800.0
OUT_01125,300.0
OUT_01126,300.0
OUT_01127,400.0
OUT_01128,400.0
OUT_01129,300.0
OUT_01130,500.0
OUT_01131,100.0
OUT_01132,200.0
OUT_01133,400.0
OUT_01134,2400.0
OUT_01135,700.0
OUT_01136,400.0
OUT_01137,500.0
OUT_01138,500.0
OUT_01139,100.0
OUT_01140,200.0
OUT_01141,200.0
OUT_01142,400.0
OUT_01143,200.0
OUT_01144,300.0
OUT_01145,300.0
OUT_01146,4900.0
OUT_01147,0.0
OUT_01148,400.0
OUT_01149,200.0
OUT_01150,100.0
OUT_01151,300.0
OUT_01152,4500.0
OUT_01153,600.0
OUT_01154,200.0
OUT_01155,200.0
OUT_01156,300.0
OUT_01157,200.0
OUT_01158,100.0
OUT_01159,100.0
OUT_01160,0.0
OUT_01161,400.0
OUT_01162,100.0
OUT_01163,400.0
OUT_01164,600.0
OUT_01165,100.0
OUT_01166,300.0
OUT_01167,300.0
OUT_01168,100.0
OUT_01169,300.0
OUT_01170,300.0
OUT_01171,400.0
OUT_01172,100.0
OUT_01173,200.0
OUT_01174,100.0
OUT_01175,500.0
OUT_01176,400.0
OUT_01177,200.0
OUT_01178,500.0
OUT_01179,300.0
OUT_01180,300.0
OUT_01181,200.0
OUT_01182,200.0
OUT_01183,300.0
OUT_01184,200.0
OUT_01185,100.0
OUT_01186,200.0
OUT_01187,100.0
OUT_01188,300.0
OUT_01189,100.0
OUT_01190,200.0
OUT_01191,300.0
OUT_01192,200.0
OUT_01193,200.0
OUT_01194,200.0
OUT_01195,300.0
OUT_01196,400.0
OUT_01197,500.0
OUT_01198,400.0
OUT_01199,100.0
OUT_01200,200.0
OUT_01201,100.0
OUT_01202,200.0
OUT_01203,2600.0
OUT_01204,400.0
OUT_01205,200.0
OUT_01206,100.0
OUT_01207,4300.0
OUT_01208,100.0
OUT_01209,200.0
OUT_01210,300.0
OUT_01211,400.0
OUT_01212,4700.0
OUT_01213,200.0
OUT_01214,500.0
OUT_01215,800.0
OUT_01216,0.0
OUT_01217,600.0
OUT_01218,300.0
OUT_01219,200.0
OUT_01220,200.0
OUT_01221,3700.0
OUT_01222,0.0
OUT_01223,400.0
OUT_01224,300.0
OUT_01225,400.0
OUT_01226,400.0
OUT_01227,100.0
OUT_01228,100.0
OUT_01229,200.0
OUT_01230,400.0
OUT_01231,400.0
OUT_01232,100.0
OUT_01233,200.0
OUT_01234,200.0
OUT_01235,300.0
OUT_01236,700.0
OUT_01237,100.0
OUT_01238,300.0
OUT_01239,500.0
OUT_01240,200.0
OUT_01241,4200.0
OUT_01242,200.0
OUT_01243,400.0
OUT_01244,200.0
OUT_01245,0.0
OUT_01246,400.0
OUT_01247,100.0
OUT_01248,300.0
OUT_01249,400.0
OUT_01250,200.0
OUT_01251,300.0
OUT_01252,100.0
OUT_01253,700.0
OUT_01254,200.0
OUT_01255,300.0
OUT_01256,200.0
OUT_01257,200.0
OUT_01258,200.0
OUT_01259,400.0
OUT_01260,300.0
OUT_01261,100.0
OUT_01262,500.0
OUT_01263,700.0
OUT_01264,100.0
OUT_01265,300.0
OUT_01266,400.0
OUT_01267,2300.0
OUT_01268,300.0
OUT_01269,400.0
OUT_01270,600.0
OUT_01271,0.0
OUT_01272,400.0
OUT_01273,400.0
OUT_01274,200.0
OUT_01275,300.0
OUT_01276,300.0
OUT_01277,0.0
OUT_01278,100.0
OUT_01279,400.0
OUT_01280,300.0
OUT_01281,400.0
OUT_01282,0.0
OUT_01283,100.0
OUT_01284,200.0
OUT_01285,0.0
OUT_01286,200.0
OUT_01287,400.0
OUT_01288,500.0
OUT_01289,300.0
OUT_01290,300.0
OUT_01291,2900.0
OUT_01292,400.0
OUT_01293,200.0
OUT_01294,200.0
OUT_01295,400.0
OUT_01296,200.0
OUT_01297,300.0
OUT_01298,200.0
OUT_01299,4100.0
OUT_01300,200.0
OUT_01301,300.0
OUT_01302,300.0
OUT_01303,200.0
OUT_01304,1900.0
OUT_01305,100.0
OUT_01306,400.0
OUT_01307,400.0
OUT_01308,100.0
OUT_01309,200.0
OUT_01310,200.0
OUT_01311,200.0
OUT_01312,400.0
OUT_01313,300.0
OUT_01314,300.0
OUT_01315,200.0
OUT_01316,4700.0
OUT_01317,300.0
OUT_01318,100.0
OUT_01319,300.0
OUT_01320,100.0
OUT_01321,100.0
OUT_01322,200.0
OUT_01323,400.0
OUT_01324,200.0
OUT_01325,200.0
OUT_01326,400.0
OUT_01327,300.0
OUT_01328,100.0
OUT_01329,200.0
OUT_01330,100.0
OUT_01331,700.0
OUT_01332,200.0
OUT_01333,300.0
OUT_01334,200.0
OUT_01335,100.0
OUT_01336,200.0
OUT_01337,400.0
OUT_01338,700.0
OUT_01339,300.0
OUT_01340,400.0
OUT_01341,100.0
OUT_01342,200.0
OUT_01343,200.0
OUT_01344,200.0
OUT_01345,200.0
OUT_01346,400.0
OUT_01347,200.0
OUT_01348,400.0
OUT_01349,200.0
OUT_01350,300.0
OUT_01351,100.0
OUT_01352,500.0
OUT_01353,100.0
OUT_01354,100.0
OUT_01355,600.0
OUT_01356,300.0
OUT_01357,200.0
OUT_01358,200.0
OUT_01359,200.0
OUT_01360,500.0
OUT_01361,100.0
OUT_01362,5000.0
OUT_01363,100.0
OUT_01364,400.0
OUT_01365,0.0
OUT_01366,300.0
OUT_01367,200.0
OUT_01368,200.0
OUT_01369,700.0
OUT_01370,400.0
OUT_01371,300.0
OUT_01372,300.0
OUT_01373,400.0
OUT_01374,400.0
OUT_01375,2500.0
OUT_01376,4800.0
OUT_01377,400.0
OUT_01378,300.0
OUT_01379,200.0
OUT_01380,100.0
OUT_01381,300.0
OUT_01382,400.0
OUT_01383,400.0
OUT_01384,100.0
OUT_01385,500.0
OUT_01386,400.0
OUT_01387,100.0
OUT_01388,200.0
OUT_01389,500.0
OUT_01390,200.0
OUT_01391,600.0
OUT_01392,300.0
OUT_01393,400.0
OUT_01394,400.0
OUT_01395,300.0
OUT_01396,500.0
OUT_01397,200.0
OUT_01398,200.0
OUT_01399,400.0
OUT_01400,600.0
OUT_01401,400.0
OUT_01402,200.0
OUT_01403,100.0
OUT_01404,200.0
OUT_01405,300.0
OUT_01406,200.0
OUT_01407,200.0
OUT_01408,300.0
OUT_01409,600.0
OUT_01410,500.0
OUT_01411,800.0
OUT_01412,300.0
OUT_01413,400.0
OUT_01414,300.0
OUT_01415,100.0
OUT_01416,100.0
OUT_01417,300.0
OUT_01418,400.0
OUT_01419,200.0
OUT_01420,700.0
OUT_01421,400.0
OUT_01422,300.0
OUT_01423,400.0
OUT_01424,100.0
OUT_01425,200.0
OUT_01426,100.0
OUT_01427,300.0
OUT_01428,200.0
OUT_01429,100.0
OUT_01430,300.0
OUT_01431,400.0
OUT_01432,100.0
OUT_01433,200.0
OUT_01434,200.0
OUT_01435,200.0
OUT_01436,200.0
OUT_01437,500.0
OUT_01438,400.0
OUT_01439,300.0
OUT_01440,4600.0
OUT_01441,200.0
OUT_01442,300.0
OUT_01443,300.0
OUT_01444,300.0
OUT_01445,300.0
OUT_01446,200.0
OUT_01447,500.0
OUT_01448,200.0
OUT_01449,300.0
OUT_01450,400.0
OUT_01451,300.0
OUT_01452,100.0
OUT_01453,400.0
OUT_01454,200.0
OUT_01455,200.0
OUT_01456,300.0
OUT_01457,0.0
OUT_01458,400.0
OUT_01459,200.0
OUT_01460,300.0
OUT_01461,500.0
OUT_01462,200.0
OUT_01463,200.0
OUT_01464,100.0
OUT_01465,200.0
OUT_01466,300.0
OUT_01467,400.0
OUT_01468,200.0
OUT_01469,100.0
OUT_01470,300.0
OUT_01471,4700.0
OUT_01472,4100.0
OUT_01473,500.0
OUT_01474,400.0
OUT_01475,100.0
OUT_01476,400.0
OUT_01477,400.0
OUT_01478,400.0
OUT_01479,200.0
OUT_01480,200.0
OUT_01481,2700.0
OUT_01482,100.0
OUT_01483,300.0
OUT_01484,400.0
OUT_01485,900.0
OUT_01486,200.0
OUT_01487,200.0
OUT_01488,400.0
OUT_01489,100.0
OUT_01490,300.0
OUT_01491,200.0
OUT_01492,200.0
OUT_01493,100.0
OUT_01494,300.0
OUT_01495,400.0
OUT_01496,200.0
OUT_01497,200.0
OUT_01498,200.0
OUT_01499,200.0
OUT_01500,600.0
OUT_01501,200.0
OUT_01502,300.0
OUT_01503,700.0
OUT_01504,400.0
OUT_01505,5300.0
OUT_01506,300.0
OUT_01507,600.0
OUT_01508,200.0
OUT_01509,0.0
OUT_01510,400.0
OUT_01511,100.0
OUT_01512,200.0
OUT_01513,300.0
OUT_01514,4400.0
OUT_01515,300.0
OUT_01516,200.0
OUT_01517,200.0
OUT_01518,300.0
OUT_01519,300.0
OUT_01520,500.0
OUT_01521,300.0
OUT_01522,300.0
OUT_01523,400.0
OUT_01524,300.0
OUT_01525,200.0
OUT_01526,300.0
OUT_01527,600.0
OUT_01528,4700.0
OUT_01529,200.0
OUT_01530,300.0
OUT_01531,100.0
OUT_01532,1900.0
OUT_01533,100.0
OUT_01534,200.0
OUT_01535,200.0
OUT_01536,100.0
OUT_01537,200.0
OUT_01538,100.0
OUT_01539,100.0
OUT_01540,900.0
OUT_01541,200.0
OUT_01542,300.0
OUT_01543,200.0
OUT_01544,100.0
OUT_01545,500.0
OUT_01546,400.0
OUT_01547,300.0
OUT_01548,0.0
OUT_01549,400.0
OUT_01550,400.0
OUT_01551,100.0
OUT_01552,300.0
OUT_01553,300.0
OUT_01554,5200.0
OUT_01555,200.0
OUT_01556,300.0
OUT_01557,5000.0
OUT_01558,100.0
OUT_01559,800.0
OUT_01560,500.0
OUT_01561,400.0
OUT_01562,200.0
OUT_01563,300.0
OUT_01564,100.0
OUT_01565,400.0
OUT_01566,200.0
OUT_01567,4800.0
OUT_01568,200.0
OUT_01569,200.0
OUT_01570,500.0
OUT_01571,200.0
OUT_01572,300.0
OUT_01573,200.0
OUT_01574,100.0
OUT_01575,200.0
OUT_01576,200.0
OUT_01577,400.0
OUT_01578,200.0
OUT_01579,200.0
OUT_01580,200.0
OUT_01581,300.0
OUT_01582,400.0
OUT_01583,300.0
OUT_01584,200.0
OUT_01585,300.0
OUT_01586,100.0
OUT_01587,400.0
OUT_01588,300.0
OUT_01589,300.0
OUT_01590,100.0
OUT_01591,200.0
OUT_01592,300.0
OUT_01593,2100.0
OUT_01594,400.0
OUT_01595,6000.0
OUT_01596,300.0
OUT_01597,200.0
OUT_01598,500.0
OUT_01599,100.0
OUT_01600,0.0
OUT_01601,200.0
OUT_01602,300.0
OUT_01603,200.0
OUT_01604,400.0
OUT_01605,500.0
OUT_01606,100.0
OUT_01607,0.0
OUT_01608,200.0
OUT_01609,200.0
OUT_01610,400.0
OUT_01611,100.0
OUT_01612,100.0
OUT_01613,300.0
OUT_01614,0.0
OUT_01615,400.0
OUT_01616,0.0
OUT_01617,400.0
OUT_01618,300.0
OUT_01619,400.0
OUT_01620,300.0
OUT_01621,900.0
OUT_01622,100.0
OUT_01623,100.0
OUT_01624,4400.0
OUT_01625,300.0
OUT_01626,200.0
OUT_01627,200.0
OUT_01628,0.0
OUT_01629,400.0
OUT_01630,100.0
OUT_01631,0.0
OUT_01632,100.0
OUT_01633,100.0
OUT_01634,600.0
OUT_01635,400.0
OUT_01636,200.0
OUT_01637,200.0
OUT_01638,400.0
OUT_01639,500.0
OUT_01640,4700.0
OUT_01641,3700.0
OUT_01642,100.0
OUT_01643,0.0
OUT_01644,100.0
OUT_01645,300.0
OUT_01646,400.0
OUT_01647,300.0
OUT_01648,200.0
OUT_01649,100.0
OUT_01650,4100.0
OUT_01651,400.0
OUT_01652,300.0
OUT_01653,200.0
OUT_01654,500.0
OUT_01655,100.0
OUT_01656,300.0
OUT_01657,100.0
OUT_01658,200.0
OUT_01659,100.0
OUT_01660,300.0
OUT_01661,300.0
OUT_01662,200.0
OUT_01663,300.0
OUT_01664,100.0
OUT_01665,4400.0
OUT_01666,500.0
OUT_01667,300.0
OUT_01668,100.0
OUT_01669,400.0
OUT_01670,200.0
OUT_01671,400.0
OUT_01672,500.0
OUT_01673,200.0
OUT_01674,300.0
OUT_01675,400.0
OUT_01676,200.0
OUT_01677,100.0
OUT_01678,300.0
OUT_01679,2600.0
OUT_01680,200.0
OUT_01681,400.0
OUT_01682,200.0
OUT_01683,200.0
OUT_01684,100.0
OUT_01685,200.0
OUT_01686,400.0
OUT_01687,200.0
OUT_01688,200.0
OUT_01689,100.0
OUT_01690,300.0
OUT_01691,4700.0
OUT_01692,400.0
OUT_01693,200.0
OUT_01694,700.0
OUT_01695,300.0
OUT_01696,200.0
OUT_01697,400.0
OUT_01698,400.0
OUT_01699,300.0
OUT_01700,0.0
OUT_01701,200.0
OUT_01702,300.0
OUT_01703,100.0
OUT_01704,400.0
OUT_01705,600.0
OUT_01706,100.0
OUT_01707,400.0
OUT_01708,400.0
OUT_01709,200.0
OUT_01710,200.0
OUT_01711,0.0
OUT_01712,4400.0
OUT_01713,100.0
OUT_01714,0.0
OUT_01715,500.0
OUT_01716,3700.0
OUT_01717,100.0
OUT_01718,300.0
OUT_01719,400.0
OUT_01720,200.0
OUT_01721,200.0
OUT_01722,200.0
OUT_01723,200.0
OUT_01724,100.0
OUT_01725,4400.0
OUT_01726,200.0
OUT_01727,200.0
OUT_01728,200.0
OUT_01729,200.0
OUT_01730,300.0
OUT_01731,200.0
OUT_01732,300.0
OUT_01733,400.0
OUT_01734,200.0
OUT_01735,900.0
OUT_01736,4600.0
OUT_01737,600.0
OUT_01738,400.0
OUT_01739,300.0
OUT_01740,700.0
OUT_01741,300.0
OUT_01742,200.0
OUT_01743,100.0
OUT_01744,200.0
OUT_01745,300.0
OUT_01746,300.0
OUT_01747,0.0
OUT_01748,300.0
OUT_01749,700.0
OUT_01750,100.0
OUT_01751,200.0
OUT_01752,300.0
OUT_01753,300.0
OUT_01754,500.0
OUT_01755,400.0
OUT_01756,200.0
OUT_01757,900.0
OUT_01758,500.0
OUT_01759,400.0
OUT_01760,4500.0
OUT_01761,300.0
OUT_01762,300.0
OUT_01763,400.0
OUT_01764,200.0
OUT_01765,400.0
OUT_01766,700.0
OUT_01767,500.0
OUT_01768,200.0
OUT_01769,200.0
OUT_01770,200.0
OUT_01771,400.0
OUT_01772,200.0
OUT_01773,100.0
OUT_01774,300.0
OUT_01775,500.0
OUT_01776,400.0
OUT_01777,100.0
OUT_01778,300.0
OUT_01779,400.0
OUT_01780,400.0
OUT_01781,400.0
OUT_01782,4400.0
OUT_01783,200.0
OUT_01784,200.0
OUT_01785,700.0
OUT_01786,400.0
OUT_01787,200.0
OUT_01788,300.0
OUT_01789,100.0
OUT_01790,200.0
OUT_01791,200.0
OUT_01792,400.0
OUT_01793,200.0
OUT_01794,300.0
OUT_01795,400.0
OUT_01796,400.0
OUT_01797,100.0
OUT_01798,200.0
OUT_01799,400.0
OUT_01800,400.0
OUT_01801,700.0
OUT_01802,500.0
OUT_01803,300.0
OUT_01804,400.0
OUT_01805,200.0
OUT_01806,400.0
OUT_01807,300.0
OUT_01808,200.0
OUT_01809,500.0
OUT_01810,200.0
OUT_01811,100.0
OUT_01812,100.0
OUT_01813,300.0
OUT_01814,200.0
OUT_01815,100.0
OUT_01816,200.0
OUT_01817,300.0
OUT_01818,200.0
OUT_01819,300.0
OUT_01820,500.0
OUT_01821,4400.0
OUT_01822,200.0
OUT_01823,0.0
OUT_01824,200.0
OUT_01825,400.0
OUT_01826,700.0
OUT_01827,600.0
OUT_01828,200.0
OUT_01829,300.0
OUT_01830,400.0
OUT_01831,100.0
OUT_01832,200.0
OUT_01833,300.0
OUT_01834,2000.0
OUT_01835,400.0
OUT_01836,200.0
OUT_01837,400.0
OUT_01838,400.0
OUT_01839,300.0
OUT_01840,100.0
OUT_01841,4000.0
OUT_01842,400.0
OUT_01843,100.0
OUT_01844,300.0
OUT_01845,200.0
OUT_01846,100.0
OUT_01847,500.0
OUT_01848,200.0
OUT_01849,200.0
OUT_01850,300.0
OUT_01851,300.0
OUT_01852,2600.0
OUT_01853,200.0
OUT_01854,700.0
OUT_01855,200.0
OUT_01856,300.0
OUT_01857,300.0
OUT_01858,200.0
OUT_01859,200.0
OUT_01860,400.0
OUT_01861,300.0
OUT_01862,200.0
OUT_01863,200.0
OUT_01864,200.0
OUT_01865,300.0
OUT_01866,100.0
OUT_01867,200.0
OUT_01868,500.0
OUT_01869,4300.0
OUT_01870,300.0
OUT_01871,400.0
OUT_01872,300.0
OUT_01873,400.0
OUT_01874,200.0
OUT_01875,200.0
OUT_01876,300.0
OUT_01877,500.0
OUT_01878,900.0
OUT_01879,4400.0
OUT_01880,300.0
OUT_01881,300.0
OUT_01882,200.0
OUT_01883,0.0
OUT_01884,100.0
OUT_01885,400.0
OUT_01886,100.0
OUT_01887,2700.0
OUT_01888,100.0
OUT_01889,300.0
OUT_01890,200.0
OUT_01891,300.0
OUT_01892,200.0
OUT_01893,400.0
OUT_01894,400.0
OUT_01895,400.0
OUT_01896,300.0
OUT_01897,600.0
OUT_01898,400.0
OUT_01899,700.0
OUT_01900,100.0
OUT_01901,4700.0
OUT_01902,100.0
OUT_01903,4100.0
OUT_01904,200.0
OUT_01905,100.0
OUT_01906,5000.0
OUT_01907,500.0
OUT_01908,600.0
OUT_01909,200.0
OUT_01910,300.0
OUT_01911,300.0
OUT_01912,200.0
OUT_01913,500.0
OUT_01914,200.0
OUT_01915,200.0
OUT_01916,200.0
OUT_01917,300.0
OUT_01918,100.0
OUT_01919,200.0
OUT_01920,0.0
OUT_01921,400.0
OUT_01922,400.0
OUT_01923,300.0
OUT_01924,200.0
OUT_01925,500.0
OUT_01926,600.0
OUT_01927,300.0
OUT_01928,700.0
OUT_01929,500.0
OUT_01930,200.0
OUT_01931,200.0
OUT_01932,200.0
OUT_01933,200.0
OUT_01934,200.0
OUT_01935,100.0
OUT_01936,100.0
OUT_01937,4600.0
OUT_01938,500.0
OUT_01939,200.0
OUT_01940,300.0
OUT_01941,400.0
OUT_01942,400.0
OUT_01943,100.0
OUT_01944,4900.0
OUT_01945,300.0
OUT_01946,400.0
OUT_01947,300.0
OUT_01948,400.0
OUT_01949,100.0
OUT_01950,300.0
OUT_01951,600.0
OUT_01952,100.0
OUT_01953,500.0
OUT_01954,300.0
OUT_01955,400.0
OUT_01956,0.0
OUT_01957,200.0
OUT_01958,200.0
OUT_01959,200.0
OUT_01960,200.0
OUT_01961,700.0
OUT_01962,200.0
OUT_01963,700.0
OUT_01964,400.0
OUT_01965,300.0
OUT_01966,0.0
OUT_01967,1900.0
OUT_01968,300.0
OUT_01969,100.0
OUT_01970,5400.0
OUT_01971,400.0
OUT_01972,100.0
OUT_01973,100.0
OUT_01974,200.0
OUT_01975,400.0
OUT_01976,500.0
OUT_01977,100.0
OUT_01978,100.0
OUT_01979,400.0
OUT_01980,200.0
OUT_01981,300.0
OUT_01982,900.0
OUT_01983,300.0
OUT_01984,900.0
OUT_01985,500.0
OUT_01986,100.0
OUT_01987,200.0
OUT_01988,200.0
OUT_01989,300.0
OUT_01990,300.0
OUT_01991,700.0
OUT_01992,300.0
OUT_01993,0.0
OUT_01994,300.0
OUT_01995,400.0
OUT_01996,700.0
OUT_01997,800.0
OUT_01998,100.0
OUT_01999,600.0
OUT_02000,200.0
OUT_02001,400.0
OUT_02002,200.0
OUT_02003,200.0
OUT_02004,200.0
OUT_02005,200.0
OUT_02006,300.0
OUT_02007,400.0
OUT_02008,300.0
OUT_02009,300.0
OUT_02010,300.0
OUT_02011,0.0
OUT_02012,300.0
OUT_02013,400.0
OUT_02014,1700.0
OUT_02015,200.0
OUT_02016,700.0
OUT_02017,500.0
OUT_02018,200.0
OUT_02019,300.0
OUT_02020,100.0
OUT_02021,200.0
OUT_02022,4900.0
OUT_02023,300.0
OUT_02024,200.0
OUT_02025,5400.0
OUT_02026,400.0
OUT_02027,300.0
OUT_02028,300.0
OUT_02029,200.0
OUT_02030,300.0
OUT_02031,200.0
OUT_02032,200.0
OUT_02033,200.0
OUT_02034,4700.0
OUT_02035,200.0
OUT_02036,100.0
OUT_02037,300.0
OUT_02038,200.0
OUT_02039,400.0
OUT_02040,300.0
OUT_02041,100.0
OUT_02042,100.0
OUT_02043,500.0
OUT_02044,800.0
OUT_02045,300.0
OUT_02046,200.0
OUT_02047,600.0
OUT_02048,300.0
OUT_02049,200.0
OUT_02050,200.0
OUT_02051,500.0
OUT_02052,300.0
OUT_02053,400.0
OUT_02054,2200.0
OUT_02055,200.0
OUT_02056,4400.0
OUT_02057,200.0
OUT_02058,700.0
OUT_02059,500.0
OUT_02060,200.0
OUT_02061,100.0
OUT_02062,200.0
OUT_02063,200.0
OUT_02064,100.0
OUT_02065,300.0
OUT_02066,700.0
OUT_02067,200.0
OUT_02068,600.0
OUT_02069,300.0
OUT_02070,100.0
OUT_02071,0.0
OUT_02072,900.0
OUT_02073,4700.0
OUT_02074,100.0
OUT_02075,200.0
OUT_02076,300.0
OUT_02077,100.0
OUT_02078,5200.0
OUT_02079,200.0
OUT_02080,200.0
OUT_02081,100.0
OUT_02082,400.0
OUT_02083,4400.0
OUT_02084,200.0
OUT_02085,600.0
OUT_02086,400.0
OUT_02087,500.0
OUT_02088,800.0
OUT_02089,400.0
OUT_02090,200.0
OUT_02091,100.0
OUT_02092,400.0
OUT_02093,200.0
OUT_02094,500.0
OUT_02095,200.0
OUT_02096,5100.0
OUT_02097,500.0
OUT_02098,200.0
OUT_02099,300.0
OUT_02100,400.0
OUT_02101,200.0
OUT_02102,200.0
OUT_02103,300.0
OUT_02104,500.0
OUT_02105,100.0
OUT_02106,0.0
OUT_02107,200.0
OUT_02108,0.0
OUT_02109,200.0
OUT_02110,400.0
OUT_02111,100.0
OUT_02112,300.0
OUT_02113,500.0
OUT_02114,200.0
OUT_02115,200.0
OUT_02116,100.0
OUT_02117,300.0
OUT_02118,400.0
OUT_02119,200.0
OUT_02120,200.0
OUT_02121,700.0
OUT_02122,200.0
OUT_02123,200.0
OUT_02124,300.0
OUT_02125,400.0
OUT_02126,100.0
OUT_02127,300.0
OUT_02128,2000.0
OUT_02129,200.0
OUT_02130,0.0
OUT_02131,2500.0
OUT_02132,400.0
OUT_02133,600.0
OUT_02134,300.0
OUT_02135,400.0
OUT_02136,500.0
OUT_02137,300.0
OUT_02138,600.0
OUT_02139,400.0
OUT_02140,200.0
OUT_02141,300.0
OUT_02142,200.0
OUT_02143,500.0
OUT_02144,300.0
OUT_02145,0.0
OUT_02146,700.0
OUT_02147,400.0
OUT_02148,400.0
OUT_02149,100.0
OUT_02150,100.0
OUT_02151,200.0
OUT_02152,4600.0
OUT_02153,400.0
OUT_02154,200.0
OUT_02155,400.0
OUT_02156,200.0
OUT_02157,400.0
OUT_02158,200.0
OUT_02159,200.0
OUT_02160,200.0
OUT_02161,100.0
OUT_02162,300.0
OUT_02163,200.0
OUT_02164,200.0
OUT_02165,100.0
OUT_02166,200.0
OUT_02167,200.0
OUT_02168,200.0
OUT_02169,400.0
OUT_02170,300.0
OUT_02171,0.0
OUT_02172,200.0
OUT_02173,100.0
OUT_02174,0.0
OUT_02175,100.0
OUT_02176,4600.0
OUT_02177,400.0
OUT_02178,100.0
OUT_02179,300.0
OUT_02180,4100.0
OUT_02181,800.0
OUT_02182,200.0
OUT_02183,400.0
OUT_02184,400.0
OUT_02185,400.0
OUT_02186,100.0
OUT_02187,100.0
OUT_02188,200.0
OUT_02189,200.0
OUT_02190,4600.0
OUT_02191,200.0
OUT_02192,200.0
OUT_02193,400.0
OUT_02194,200.0
OUT_02195,200.0
OUT_02196,300.0
OUT_02197,0.0
OUT_02198,100.0
OUT_02199,200.0
OUT_02200,300.0
OUT_02201,500.0
OUT_02202,300.0
OUT_02203,800.0
OUT_02204,400.0
OUT_02205,500.0
OUT_02206,100.0
OUT_02207,700.0
OUT_02208,0.0
OUT_02209,400.0
OUT_02210,200.0
OUT_02211,300.0
OUT_02212,500.0
OUT_02213,100.0
OUT_02214,0.0
OUT_02215,600.0
OUT_02216,300.0
OUT_02217,500.0
OUT_02218,300.0
OUT_02219,400.0
OUT_02220,400.0
OUT_02221,200.0
OUT_02222,300.0
OUT_02223,300.0
OUT_02224,400.0
OUT_02225,0.0
OUT_02226,400.0
OUT_02227,300.0
OUT_02228,200.0
OUT_02229,400.0
OUT_02230,300.0
OUT_02231,100.0
OUT_02232,300.0
OUT_02233,200.0
OUT_02234,100.0
OUT_02235,200.0
OUT_02236,4400.0
OUT_02237,0.0
OUT_02238,400.0
OUT_02239,0.0
OUT_02240,200.0
OUT_02241,100.0
OUT_02242,400.0
OUT_02243,500.0
OUT_02244,300.0
OUT_02245,100.0
OUT_02246,600.0
OUT_02247,200.0
OUT_02248,400.0
OUT_02249,200.0
OUT_02250,100.0
OUT_02251,300.0
OUT_02252,200.0
OUT_02253,300.0
OUT_02254,300.0
OUT_02255,300.0
OUT_02256,300.0
OUT_02257,400.0
OUT_02258,100.0
OUT_02259,200.0
OUT_02260,100.0
OUT_02261,200.0
OUT_02262,200.0
OUT_02263,500.0
OUT_02264,0.0
OUT_02265,300.0
OUT_02266,200.0
OUT_02267,600.0
OUT_02268,0.0
OUT_02269,400.0
OUT_02270,200.0
OUT_02271,100.0
OUT_02272,400.0
OUT_02273,300.0
OUT_02274,100.0
OUT_02275,400.0
OUT_02276,100.0
OUT_02277,300.0
OUT_02278,200.0
OUT_02279,2500.0
OUT_02280,200.0
OUT_02281,100.0
OUT_02282,200.0
OUT_02283,0.0
OUT_02284,200.0
OUT_02285,400.0
OUT_02286,2800.0
OUT_02287,200.0
OUT_02288,300.0
OUT_02289,300.0
OUT_02290,100.0
OUT_02291,400.0
OUT_02292,100.0
OUT_02293,300.0
OUT_02294,0.0
OUT_02295,100.0
OUT_02296,400.0
OUT_02297,200.0
OUT_02298,600.0
OUT_02299,300.0
OUT_02300,100.0
OUT_02301,2300.0
OUT_02302,200.0
OUT_02303,2800.0
OUT_02304,200.0
OUT_02305,500.0
OUT_02306,200.0
OUT_02307,200.0
OUT_02308,2500.0
OUT_02309,200.0
OUT_02310,500.0
OUT_02311,300.0
OUT_02312,200.0
OUT_02313,300.0
OUT_02314,300.0
OUT_02315,100.0
OUT_02316,100.0
OUT_02317,0.0
OUT_02318,300.0
OUT_02319,100.0
OUT_02320,300.0
OUT_02321,200.0
OUT_02322,4100.0
OUT_02323,200.0
OUT_02324,500.0
OUT_02325,200.0
OUT_02326,200.0
OUT_02327,200.0
OUT_02328,200.0
OUT_02329,300.0
OUT_02330,300.0
OUT_02331,200.0
OUT_02332,300.0
OUT_02333,200.0
OUT_02334,500.0
OUT_02335,100.0
OUT_02336,200.0
OUT_02337,100.0
OUT_02338,200.0
OUT_02339,200.0
OUT_02340,300.0
OUT_02341,400.0
OUT_02342,200.0
OUT_02343,300.0
OUT_02344,700.0
OUT_02345,100.0
OUT_02346,300.0
OUT_02347,400.0
OUT_02348,100.0
OUT_02349,200.0
OUT_02350,400.0
OUT_02351,4400.0
OUT_02352,300.0
OUT_02353,300.0
OUT_02354,200.0
OUT_02355,200.0
OUT_02356,0.0
OUT_02357,400.0
OUT_02358,400.0
OUT_02359,300.0
OUT_02360,400.0
OUT_02361,200.0
OUT_02362,400.0
OUT_02363,100.0
OUT_02364,200.0
OUT_02365,300.0
OUT_02366,200.0
OUT_02367,200.0
OUT_02368,200.0
OUT_02369,600.0
OUT_02370,200.0
OUT_02371,4200.0
OUT_02372,100.0
OUT_02373,4300.0
OUT_02374,300.0
OUT_02375,300.0
OUT_02376,100.0
OUT_02377,200.0
OUT_02378,300.0
OUT_02379,300.0
OUT_02380,200.0
OUT_02381,100.0
OUT_02382,200.0
OUT_02383,4800.0
OUT_02384,300.0
OUT_02385,2200.0
OUT_02386,2700.0
OUT_02387,1300.0
OUT_02388,200.0
OUT_02389,100.0
OUT_02390,300.0
OUT_02391,300.0
OUT_02392,300.0
OUT_02393,100.0
OUT_02394,300.0
OUT_02395,100.0
OUT_02396,500.0
OUT_02397,200.0
OUT_02398,200.0
OUT_02399,600.0
OUT_02400,400.0
OUT_02401,5100.0
OUT_02402,400.0
OUT_02403,100.0
OUT_02404,800.0
OUT_02405,700.0
OUT_02406,100.0
OUT_02407,300.0
OUT_02408,200.0
OUT_02409,200.0
OUT_02410,300.0
OUT_02411,300.0
OUT_02412,200.0
OUT_02413,200.0
OUT_02414,200.0
OUT_02415,500.0
OUT_02416,3000.0
OUT_02417,200.0
OUT_02418,2100.0
OUT_02419,400.0
OUT_02420,300.0
OUT_02421,200.0
OUT_02422,4900.0
OUT_02423,200.0
OUT_02424,100.0
OUT_02425,300.0
OUT_02426,200.0
OUT_02427,300.0
OUT_02428,200.0
OUT_02429,400.0
OUT_02430,200.0
OUT_02431,4100.0
OUT_02432,0.0
OUT_02433,300.0
OUT_02434,300.0
OUT_02435,400.0
OUT_02436,2500.0
OUT_02437,4800.0
OUT_02438,0.0
OUT_02439,200.0
OUT_02440,100.0
OUT_02441,100.0
OUT_02442,200.0
OUT_02443,100.0
OUT_02444,500.0
OUT_02445,300.0
OUT_02446,400.0
OUT_02447,200.0
OUT_02448,400.0
OUT_02449,200.0
OUT_02450,300.0
OUT_02451,300.0
OUT_02452,700.0
OUT_02453,400.0
OUT_02454,200.0
OUT_02455,100.0
OUT_02456,200.0
OUT_02457,300.0
OUT_02458,400.0
OUT_02459,4800.0
OUT_02460,200.0
OUT_02461,0.0
OUT_02462,100.0
OUT_02463,200.0
OUT_02464,200.0
OUT_02465,200.0
OUT_02466,200.0
OUT_02467,400.0
OUT_02468,200.0
OUT_02469,300.0
OUT_02470,400.0
OUT_02471,3900.0
OUT_02472,500.0
OUT_02473,100.0
OUT_02474,200.0
OUT_02475,5200.0
OUT_02476,100.0
OUT_02477,300.0
OUT_02478,300.0
OUT_02479,500.0
OUT_02480,200.0
OUT_02481,200.0
OUT_02482,600.0
OUT_02483,0.0
OUT_02484,200.0
OUT_02485,100.0
OUT_02486,200.0
OUT_02487,400.0
OUT_02488,300.0
OUT_02489,200.0
OUT_02490,300.0
OUT_02491,400.0
OUT_02492,200.0
OUT_02493,200.0
OUT_02494,300.0
OUT_02495,300.0
OUT_02496,400.0
OUT_02497,100.0
OUT_02498,500.0
OUT_02499,100.0
OUT_02500,300.0
OUT_02501,2200.0
OUT_02502,400.0
OUT_02503,0.0
OUT_02504,300.0
OUT_02505,400.0
OUT_02506,300.0
OUT_02507,100.0
OUT_02508,400.0
OUT_02509,500.0
OUT_02510,200.0
OUT_02511,200.0
OUT_02512,400.0
OUT_02513,300.0
OUT_02514,500.0
OUT_02515,800.0
OUT_02516,2000.0
OUT_02517,500.0
OUT_02518,100.0
OUT_02519,100.0
OUT_02520,600.0
OUT_02521,0.0
OUT_02522,300.0
OUT_02523,300.0
OUT_02524,600.0
OUT_02525,600.0
OUT_02526,400.0
OUT_02527,400.0
OUT_02528,300.0
OUT_02529,300.0
OUT_02530,300.0
OUT_02531,200.0
OUT_02532,100.0
OUT_02533,200.0
OUT_02534,300.0
OUT_02535,200.0
OUT_02536,300.0
OUT_02537,200.0
OUT_02538,600.0
OUT_02539,200.0
OUT_02540,0.0
OUT_02541,700.0
OUT_02542,400.0
OUT_02543,300.0
OUT_02544,300.0
OUT_02545,200.0
OUT_02546,300.0
OUT_02547,300.0
OUT_02548,300.0
OUT_02549,400.0
OUT_02550,200.0
OUT_02551,300.0
OUT_02552,2600.0
OUT_02553,300.0
OUT_02554,200.0
OUT_02555,300.0
OUT_02556,200.0
OUT_02557,200.0
OUT_02558,100.0
OUT_02559,100.0
OUT_02560,200.0
OUT_02561,400.0
OUT_02562,0.0
OUT_02563,400.0
OUT_02564,200.0
OUT_02565,400.0
OUT_02566,200.0
OUT_02567,200.0
OUT_02568,200.0
OUT_02569,200.0
OUT_02570,300.0
OUT_02571,400.0
OUT_02572,100.0
OUT_02573,300.0
OUT_02574,200.0
OUT_02575,200.0
OUT_02576,4800.0
OUT_02577,200.0
OUT_02578,400.0
OUT_02579,200.0
OUT_02580,200.0
OUT_02581,400.0
OUT_02582,4800.0
OUT_02583,300.0
OUT_02584,400.0
OUT_02585,200.0
OUT_02586,4600.0
OUT_02587,300.0
OUT_02588,300.0
OUT_02589,300.0
OUT_02590,300.0
OUT_02591,600.0
OUT_02592,300.0
OUT_02593,600.0
OUT_02594,200.0
OUT_02595,200.0
OUT_02596,500.0
OUT_02597,900.0
OUT_02598,700.0
OUT_02599,4500.0
OUT_02600,400.0
OUT_02601,300.0
OUT_02602,200.0
OUT_02603,600.0
OUT_02604,100.0
OUT_02605,200.0
OUT_02606,600.0
OUT_02607,200.0
OUT_02608,300.0
OUT_02609,400.0
OUT_02610,300.0
OUT_02611,200.0
OUT_02612,300.0
OUT_02613,400.0
OUT_02614,200.0
OUT_02615,700.0
OUT_02616,500.0
OUT_02617,5400.0
OUT_02618,100.0
OUT_02619,200.0
OUT_02620,300.0
OUT_02621,400.0
OUT_02622,200.0
OUT_02623,100.0
OUT_02624,0.0
OUT_02625,200.0
OUT_02626,600.0
OUT_02627,300.0
OUT_02628,300.0
OUT_02629,200.0
OUT_02630,200.0
OUT_02631,400.0
OUT_02632,300.0
OUT_02633,100.0
OUT_02634,100.0
OUT_02635,100.0
OUT_02636,4200.0
OUT_02637,100.0
OUT_02638,300.0
OUT_02639,200.0
OUT_02640,200.0
OUT_02641,600.0
OUT_02642,100.0
OUT_02643,500.0
OUT_02644,200.0
OUT_02645,300.0
OUT_02646,200.0
OUT_02647,600.0
OUT_02648,400.0
OUT_02649,200.0
OUT_02650,300.0
OUT_02651,400.0
OUT_02652,300.0
OUT_02653,200.0
OUT_02654,600.0
OUT_02655,300.0
OUT_02656,400.0
OUT_02657,0.0
OUT_02658,100.0
OUT_02659,100.0
OUT_02660,100.0
OUT_02661,500.0
OUT_02662,0.0
OUT_02663,300.0
OUT_02664,600.0
OUT_02665,900.0
OUT_02666,300.0
OUT_02667,300.0
OUT_02668,600.0
OUT_02669,100.0
OUT_02670,100.0
OUT_02671,200.0
OUT_02672,100.0
OUT_02673,200.0
OUT_02674,0.0
OUT_02675,200.0
OUT_02676,500.0
OUT_02677,200.0
OUT_02678,200.0
OUT_02679,400.0
OUT_02680,200.0
OUT_02681,100.0
OUT_02682,0.0
OUT_02683,200.0
OUT_02684,500.0
OUT_02685,400.0
OUT_02686,200.0
OUT_02687,100.0
OUT_02688,200.0
OUT_02689,400.0
OUT_02690,200.0
OUT_02691,700.0
OUT_02692,300.0
OUT_02693,100.0
OUT_02694,0.0
OUT_02695,400.0
OUT_02696,300.0
OUT_02697,300.0
OUT_02698,200.0
OUT_02699,200.0
OUT_02700,100.0
OUT_02701,2400.0
OUT_02702,200.0
OUT_02703,300.0
OUT_02704,300.0
OUT_02705,300.0
OUT_02706,300.0
OUT_02707,0.0
OUT_02708,400.0
OUT_02709,400.0
OUT_02710,300.0
OUT_02711,0.0
OUT_02712,200.0
OUT_02713,100.0
OUT_02714,200.0
OUT_02715,200.0
OUT_02716,300.0
OUT_02717,800.0
OUT_02718,200.0
OUT_02719,400.0
OUT_02720,200.0
OUT_02721,4600.0
OUT_02722,500.0
OUT_02723,400.0
OUT_02724,200.0
OUT_02725,100.0
OUT_02726,100.0
OUT_02727,200.0
OUT_02728,600.0
OUT_02729,200.0
OUT_02730,100.0
OUT_02731,500.0
OUT_02732,100.0
OUT_02733,300.0
OUT_02734,700.0
OUT_02735,400.0
OUT_02736,200.0
OUT_02737,400.0
OUT_02738,300.0
OUT_02739,400.0
OUT_02740,400.0
OUT_02741,300.0
OUT_02742,300.0
OUT_02743,400.0
OUT_02744,300.0
OUT_02745,300.0
OUT_02746,300.0
OUT_02747,200.0
OUT_02748,400.0
OUT_02749,300.0
OUT_02750,100.0
OUT_02751,500.0
OUT_02752,300.0
OUT_02753,400.0
OUT_02754,200.0
OUT_02755,4300.0
OUT_02756,100.0
OUT_02757,300.0
OUT_02758,4800.0
OUT_02759,200.0
OUT_02760,500.0
OUT_02761,300.0
OUT_02762,0.0
OUT_02763,100.0
OUT_02764,100.0
OUT_02765,1900.0
OUT_02766,400.0
OUT_02767,400.0
OUT_02768,200.0
OUT_02769,200.0
OUT_02770,300.0
OUT_02771,300.0
OUT_02772,400.0
OUT_02773,400.0
OUT_02774,200.0
OUT_02775,300.0
OUT_02776,600.0
OUT_02777,0.0
OUT_02778,100.0
OUT_02779,400.0
OUT_02780,300.0
OUT_02781,300.0
OUT_02782,400.0
OUT_02783,4900.0
OUT_02784,200.0
OUT_02785,100.0
OUT_02786,100.0
OUT_02787,300.0
OUT_02788,200.0
OUT_02789,200.0
OUT_02790,100.0
OUT_02791,400.0
OUT_02792,400.0
OUT_02793,200.0
OUT_02794,300.0
OUT_02795,400.0
OUT_02796,300.0
OUT_02797,300.0
OUT_02798,200.0
OUT_02799,300.0
OUT_02800,500.0
OUT_02801,200.0
OUT_02802,200.0
OUT_02803,300.0
OUT_02804,200.0
OUT_02805,300.0
OUT_02806,300.0
OUT_02807,400.0
OUT_02808,400.0
OUT_02809,200.0
OUT_02810,400.0
OUT_02811,200.0
OUT_02812,200.0
OUT_02813,100.0
OUT_02814,300.0
OUT_02815,100.0
OUT_02816,400.0
OUT_02817,400.0
OUT_02818,300.0
OUT_02819,500.0
OUT_02820,500.0
OUT_02821,200.0
OUT_02822,200.0
OUT_02823,200.0
OUT_02824,300.0
OUT_02825,200.0
OUT_02826,400.0
OUT_02827,300.0
OUT_02828,200.0
OUT_02829,500.0
OUT_02830,300.0
OUT_02831,100.0
OUT_02832,700.0
OUT_02833,300.0
OUT_02834,300.0
OUT_02835,400.0
OUT_02836,4500.0
OUT_02837,200.0
OUT_02838,400.0
OUT_02839,100.0
OUT_02840,600.0
OUT_02841,6300.0
OUT_02842,300.0
OUT_02843,200.0
OUT_02844,0.0
OUT_02845,200.0
OUT_02846,300.0
OUT_02847,200.0
OUT_02848,100.0
OUT_02849,200.0
OUT_02850,200.0
OUT_02851,300.0
OUT_02852,300.0
OUT_02853,300.0
OUT_02854,5100.0
OUT_02855,200.0
OUT_02856,200.0
OUT_02857,200.0
OUT_02858,600.0
OUT_02859,200.0
OUT_02860,3800.0
OUT_02861,100.0
OUT_02862,300.0
OUT_02863,300.0
OUT_02864,200.0
OUT_02865,4200.0
OUT_02866,100.0
OUT_02867,100.0
OUT_02868,300.0
OUT_02869,100.0
OUT_02870,400.0
OUT_02871,200.0
OUT_02872,400.0
OUT_02873,300.0
OUT_02874,400.0
OUT_02875,400.0
OUT_02876,300.0
OUT_02877,100.0
OUT_02878,500.0
OUT_02879,300.0
OUT_02880,400.0
OUT_02881,200.0
OUT_02882,100.0
OUT_02883,4500.0
OUT_02884,0.0
OUT_02885,300.0
OUT_02886,200.0
OUT_02887,200.0
OUT_02888,200.0
OUT_02889,100.0
OUT_02890,500.0
OUT_02891,200.0
OUT_02892,4900.0
OUT_02893,200.0
OUT_02894,200.0
OUT_02895,600.0
OUT_02896,3000.0
OUT_02897,300.0
OUT_02898,100.0
OUT_02899,400.0
OUT_02900,200.0
OUT_02901,300.0
OUT_02902,200.0
OUT_02903,100.0
OUT_02904,300.0
OUT_02905,200.0
OUT_02906,600.0
OUT_02907,300.0
OUT_02908,0.0
OUT_02909,300.0
OUT_02910,300.0
OUT_02911,5200.0
OUT_02912,200.0
OUT_02913,400.0
OUT_02914,300.0
OUT_02915,100.0
OUT_02916,200.0
OUT_02917,200.0
OUT_02918,100.0
OUT_02919,400.0
OUT_02920,400.0
OUT_02921,300.0
OUT_02922,900.0
OUT_02923,300.0
OUT_02924,400.0
OUT_02925,300.0
OUT_02926,100.0
OUT_02927,400.0
OUT_02928,200.0
OUT_02929,300.0
OUT_02930,500.0
OUT_02931,300.0
OUT_02932,200.0
OUT_02933,100.0
OUT_02934,100.0
OUT_02935,100.0
OUT_02936,6100.0
OUT_02937,300.0
OUT_02938,0.0
OUT_02939,400.0
OUT_02940,100.0
OUT_02941,4900.0
OUT_02942,200.0
OUT_02943,0.0
OUT_02944,200.0
OUT_02945,100.0
OUT_02946,0.0
OUT_02947,400.0
OUT_02948,400.0
OUT_02949,400.0
OUT_02950,5600.0
OUT_02951,0.0
OUT_02952,200.0
OUT_02953,300.0
OUT_02954,400.0
OUT_02955,100.0
OUT_02956,400.0
OUT_02957,200.0
OUT_02958,400.0
OUT_02959,300.0
OUT_02960,400.0
OUT_02961,200.0
OUT_02962,4400.0
OUT_02963,400.0
OUT_02964,4500.0
OUT_02965,100.0
OUT_02966,700.0
OUT_02967,100.0
OUT_02968,200.0
OUT_02969,600.0
OUT_02970,500.0
OUT_02971,400.0
OUT_02972,300.0
OUT_02973,300.0
OUT_02974,2500.0
OUT_02975,300.0
OUT_02976,100.0
OUT_02977,300.0
OUT_02978,300.0
OUT_02979,400.0
OUT_02980,400.0
OUT_02981,400.0
OUT_02982,200.0
OUT_02983,500.0
OUT_02984,300.0
OUT_02985,200.0
OUT_02986,400.0
OUT_02987,200.0
OUT_02988,300.0
OUT_02989,300.0
OUT_02990,300.0
OUT_02991,300.0
OUT_02992,200.0
OUT_02993,400.0
OUT_02994,1900.0
OUT_02995,400.0
OUT_02996,600.0
OUT_02997,2700.0
OUT_02998,300.0
OUT_02999,200.0
OUT_03000,300.0
OUT_03001,200.0
OUT_03002,200.0
OUT_03003,100.0
OUT_03004,600.0
OUT_03005,100.0
OUT_03006,1400.0
OUT_03007,200.0
OUT_03008,200.0
OUT_03009,400.0
OUT_03010,100.0
OUT_03011,400.0
OUT_03012,300.0
OUT_03013,300.0
OUT_03014,500.0
OUT_03015,300.0
OUT_03016,100.0
OUT_03017,400.0
OUT_03018,1000.0
OUT_03019,200.0
OUT_03020,4500.0
OUT_03021,900.0
OUT_03022,200.0
OUT_03023,200.0
OUT_03024,300.0
OUT_03025,200.0
OUT_03026,0.0
OUT_03027,200.0
OUT_03028,400.0
OUT_03029,100.0
OUT_03030,200.0
OUT_03031,400.0
OUT_03032,300.0
OUT_03033,100.0
OUT_03034,200.0
OUT_03035,300.0
OUT_03036,400.0
OUT_03037,4300.0
OUT_03038,2800.0
OUT_03039,300.0
OUT_03040,2300.0
OUT_03041,200.0
OUT_03042,100.0
OUT_03043,400.0
OUT_03044,100.0
OUT_03045,100.0
OUT_03046,300.0
OUT_03047,200.0
OUT_03048,200.0
OUT_03049,200.0
OUT_03050,200.0
OUT_03051,300.0
OUT_03052,700.0
OUT_03053,200.0
OUT_03054,300.0
OUT_03055,200.0
OUT_03056,1800.0
OUT_03057,0.0
OUT_03058,300.0
OUT_03059,200.0
OUT_03060,100.0
OUT_03061,700.0
OUT_03062,400.0
OUT_03063,100.0
OUT_03064,4600.0
OUT_03065,5000.0
OUT_03066,200.0
OUT_03067,0.0
OUT_03068,200.0
OUT_03069,500.0
OUT_03070,600.0
OUT_03071,200.0
OUT_03072,300.0
OUT_03073,100.0
OUT_03074,200.0
OUT_03075,4500.0
OUT_03076,300.0
OUT_03077,4500.0
OUT_03078,4100.0
OUT_03079,100.0
OUT_03080,100.0
OUT_03081,500.0
OUT_03082,0.0
OUT_03083,400.0
OUT_03084,700.0
OUT_03085,200.0
OUT_03086,100.0
OUT_03087,200.0
OUT_03088,500.0
OUT_03089,300.0
OUT_03090,200.0
OUT_03091,200.0
OUT_03092,0.0
OUT_03093,700.0
OUT_03094,400.0
OUT_03095,100.0
OUT_03096,0.0
OUT_03097,900.0
OUT_03098,100.0
OUT_03099,500.0
OUT_03100,100.0
OUT_03101,300.0
OUT_03102,400.0
OUT_03103,200.0
OUT_03104,200.0
OUT_03105,0.0
OUT_03106,400.0
OUT_03107,300.0
OUT_03108,100.0
OUT_03109,100.0
OUT_03110,200.0
OUT_03111,100.0
OUT_03112,300.0
OUT_03113,400.0
OUT_03114,300.0
OUT_03115,400.0
OUT_03116,400.0
OUT_03117,200.0
OUT_03118,100.0
OUT_03119,100.0
OUT_03120,300.0
OUT_03121,100.0
OUT_03122,300.0
OUT_03123,100.0
OUT_03124,200.0
OUT_03125,300.0
OUT_03126,400.0
OUT_03127,0.0
OUT_03128,200.0
OUT_03129,500.0
OUT_03130,400.0
OUT_03131,4600.0
OUT_03132,200.0
OUT_03133,200.0
OUT_03134,500.0
OUT_03135,400.0
OUT_03136,300.0
OUT_03137,400.0
OUT_03138,300.0
OUT_03139,400.0
OUT_03140,200.0
OUT_03141,100.0
OUT_03142,200.0
OUT_03143,400.0
OUT_03144,100.0
OUT_03145,100.0
OUT_03146,400.0
OUT_03147,400.0
OUT_03148,5000.0
OUT_03149,300.0
OUT_03150,300.0
OUT_03151,100.0
OUT_03152,200.0
OUT_03153,300.0
OUT_03154,400.0
OUT_03155,300.0
OUT_03156,300.0
OUT_03157,500.0
OUT_03158,100.0
OUT_03159,200.0
OUT_03160,300.0
OUT_03161,300.0
OUT_03162,100.0
OUT_03163,100.0
OUT_03164,500.0
OUT_03165,200.0
OUT_03166,300.0
OUT_03167,4800.0
OUT_03168,400.0
OUT_03169,200.0
OUT_03170,400.0
OUT_03171,300.0
OUT_03172,300.0
OUT_03173,300.0
OUT_03174,400.0
OUT_03175,500.0
OUT_03176,200.0
OUT_03177,200.0
OUT_03178,100.0
OUT_03179,200.0
OUT_03180,400.0
OUT_03181,200.0
OUT_03182,100.0
OUT_03183,500.0
OUT_03184,400.0
OUT_03185,400.0
OUT_03186,400.0
OUT_03187,200.0
OUT_03188,0.0
OUT_03189,200.0
OUT_03190,200.0
OUT_03191,500.0
OUT_03192,200.0
OUT_03193,300.0
OUT_03194,500.0
OUT_03195,200.0
OUT_03196,400.0
OUT_03197,300.0
OUT_03198,200.0
OUT_03199,400.0
OUT_03200,300.0
OUT_03201,400.0
OUT_03202,200.0
OUT_03203,200.0
OUT_03204,200.0
OUT_03205,0.0
OUT_03206,300.0
OUT_03207,200.0
OUT_03208,4300.0
OUT_03209,200.0
OUT_03210,100.0
OUT_03211,400.0
OUT_03212,300.0
OUT_03213,200.0
OUT_03214,400.0
OUT_03215,200.0
OUT_03216,400.0
OUT_03217,200.0
OUT_03218,300.0
OUT_03219,200.0
OUT_03220,400.0
OUT_03221,300.0
OUT_03222,500.0
OUT_03223,400.0
OUT_03224,400.0
OUT_03225,200.0
OUT_03226,300.0
OUT_03227,400.0
OUT_03228,4000.0
OUT_03229,4400.0
OUT_03230,200.0
OUT_03231,400.0
OUT_03232,100.0
OUT_03233,2900.0
OUT_03234,200.0
OUT_03235,200.0
OUT_03236,200.0
OUT_03237,200.0
OUT_03238,0.0
OUT_03239,300.0
OUT_03240,200.0
OUT_03241,100.0
OUT_03242,400.0
OUT_03243,0.0
OUT_03244,200.0
OUT_03245,400.0
OUT_03246,200.0
OUT_03247,300.0
OUT_03248,300.0
OUT_03249,100.0
OUT_03250,200.0
OUT_03251,700.0
OUT_03252,500.0
OUT_03253,200.0
OUT_03254,200.0
OUT_03255,300.0
OUT_03256,200.0
OUT_03257,300.0
OUT_03258,400.0
OUT_03259,400.0
OUT_03260,400.0
OUT_03261,300.0
OUT_03262,400.0
OUT_03263,300.0
OUT_03264,4600.0
OUT_03265,500.0
OUT_03266,200.0
OUT_03267,300.0
OUT_03268,200.0
OUT_03269,400.0
OUT_03270,100.0
OUT_03271,700.0
OUT_03272,400.0
OUT_03273,500.0
OUT_03274,4700.0
OUT_03275,300.0
OUT_03276,200.0
OUT_03277,100.0
OUT_03278,300.0
OUT_03279,100.0
OUT_03280,100.0
OUT_03281,4800.0
OUT_03282,300.0
OUT_03283,400.0
OUT_03284,0.0
OUT_03285,300.0
OUT_03286,200.0
OUT_03287,4400.0
OUT_03288,300.0
OUT_03289,300.0
OUT_03290,100.0
OUT_03291,100.0
OUT_03292,300.0
OUT_03293,300.0
OUT_03294,200.0
OUT_03295,200.0
OUT_03296,4200.0
OUT_03297,500.0
OUT_03298,400.0
OUT_03299,300.0
OUT_03300,300.0
OUT_03301,300.0
OUT_03302,800.0
OUT_03303,200.0
OUT_03304,200.0
OUT_03305,200.0
OUT_03306,300.0
OUT_03307,100.0
OUT_03308,500.0
OUT_03309,300.0
OUT_03310,200.0
OUT_03311,100.0
OUT_03312,500.0
OUT_03313,200.0
OUT_03314,300.0
OUT_03315,4900.0
OUT_03316,500.0
OUT_03317,400.0
OUT_03318,400.0
OUT_03319,300.0
OUT_03320,300.0
OUT_03321,300.0
OUT_03322,300.0
OUT_03323,200.0
OUT_03324,900.0
OUT_03325,4800.0
OUT_03326,200.0
OUT_03327,600.0
OUT_03328,600.0
OUT_03329,400.0
OUT_03330,4900.0
OUT_03331,200.0
OUT_03332,100.0
OUT_03333,500.0
OUT_03334,600.0
OUT_03335,100.0
OUT_03336,400.0
OUT_03337,300.0
OUT_03338,200.0
OUT_03339,0.0
OUT_03340,400.0
OUT_03341,700.0
OUT_03342,300.0
OUT_03343,400.0
OUT_03344,700.0
OUT_03345,200.0
OUT_03346,4400.0
OUT_03347,200.0
OUT_03348,200.0
OUT_03349,500.0
OUT_03350,200.0
OUT_03351,200.0
OUT_03352,200.0
OUT_03353,5100.0
OUT_03354,400.0
OUT_03355,200.0
OUT_03356,200.0
OUT_03357,300.0
OUT_03358,4800.0
OUT_03359,1000.0
OUT_03360,300.0
OUT_03361,400.0
OUT_03362,200.0
OUT_03363,400.0
OUT_03364,100.0
OUT_03365,200.0
OUT_03366,300.0
OUT_03367,300.0
OUT_03368,600.0
OUT_03369,0.0
OUT_03370,400.0
OUT_03371,200.0
OUT_03372,100.0
OUT_03373,300.0
OUT_03374,400.0
OUT_03375,200.0
OUT_03376,200.0
OUT_03377,400.0
OUT_03378,300.0
OUT_03379,500.0
OUT_03380,400.0
OUT_03381,4800.0
OUT_03382,100.0
OUT_03383,2000.0
OUT_03384,300.0
OUT_03385,100.0
OUT_03386,200.0
OUT_03387,300.0
OUT_03388,2600.0
OUT_03389,200.0
OUT_03390,300.0
OUT_03391,600.0
OUT_03392,100.0
OUT_03393,400.0
OUT_03394,300.0
OUT_03395,2800.0
OUT_03396,200.0
OUT_03397,300.0
OUT_03398,300.0
OUT_03399,300.0
OUT_03400,500.0
OUT_03401,300.0
OUT_03402,4100.0
OUT_03403,300.0
OUT_03404,0.0
OUT_03405,100.0
OUT_03406,500.0
OUT_03407,300.0
OUT_03408,200.0
OUT_03409,400.0
OUT_03410,100.0
OUT_03411,3500.0
OUT_03412,0.0
OUT_03413,800.0
OUT_03414,700.0
OUT_03415,4100.0
OUT_03416,200.0
OUT_03417,100.0
OUT_03418,600.0
OUT_03419,100.0
OUT_03420,400.0
OUT_03421,200.0
OUT_03422,200.0
OUT_03423,400.0
OUT_03424,400.0
OUT_03425,400.0
OUT_03426,200.0
OUT_03427,200.0
OUT_03428,400.0
OUT_03429,300.0
OUT_03430,300.0
OUT_03431,200.0
OUT_03432,200.0
OUT_03433,200.0
OUT_03434,300.0
OUT_03435,200.0
OUT_03436,2200.0
OUT_03437,0.0
OUT_03438,200.0
OUT_03439,200.0
OUT_03440,300.0
OUT_03441,100.0
OUT_03442,200.0
OUT_03443,500.0
OUT_03444,500.0
OUT_03445,300.0
OUT_03446,700.0
OUT_03447,200.0
OUT_03448,300.0
OUT_03449,200.0
OUT_03450,100.0
OUT_03451,800.0
OUT_03452,400.0
OUT_03453,600.0
OUT_03454,200.0
OUT_03455,200.0
OUT_03456,300.0
OUT_03457,300.0
OUT_03458,4900.0
OUT_03459,0.0
OUT_03460,200.0
OUT_03461,200.0
OUT_03462,300.0
OUT_03463,100.0
OUT_03464,100.0
OUT_03465,300.0
OUT_03466,300.0
OUT_03467,500.0
OUT_03468,200.0
OUT_03469,300.0
OUT_03470,200.0
OUT_03471,300.0
OUT_03472,200.0
OUT_03473,100.0
OUT_03474,200.0
OUT_03475,400.0
OUT_03476,400.0
OUT_03477,300.0
OUT_03478,400.0
OUT_03479,100.0
OUT_03480,300.0
OUT_03481,300.0
OUT_03482,600.0
OUT_03483,200.0
OUT_03484,4500.0
OUT_03485,200.0
OUT_03486,300.0
OUT_03487,300.0
OUT_03488,200.0
OUT_03489,300.0
OUT_03490,400.0
OUT_03491,300.0
OUT_03492,600.0
OUT_03493,4400.0
OUT_03494,300.0
OUT_03495,0.0
OUT_03496,200.0
OUT_03497,300.0
OUT_03498,200.0
OUT_03499,100.0
OUT_03500,200.0
OUT_03501,200.0
OUT_03502,100.0
OUT_03503,200.0
OUT_03504,300.0
OUT_03505,300.0
OUT_03506,300.0
OUT_03507,300.0
OUT_03508,600.0
OUT_03509,200.0
OUT_03510,400.0
OUT_03511,200.0
OUT_03512,100.0
OUT_03513,400.0
OUT_03514,200.0
OUT_03515,200.0
OUT_03516,400.0
OUT_03517,100.0
OUT_03518,300.0
OUT_03519,500.0
OUT_03520,200.0
OUT_03521,400.0
OUT_03522,100.0
OUT_03523,100.0
OUT_03524,300.0
OUT_03525,200.0
OUT_03526,400.0
OUT_03527,0.0
OUT_03528,100.0
OUT_03529,300.0
OUT_03530,200.0
OUT_03531,300.0
OUT_03532,200.0
OUT_03533,800.0
OUT_03534,300.0
OUT_03535,300.0
OUT_03536,200.0
OUT_03537,300.0
OUT_03538,200.0
OUT_03539,200.0
OUT_03540,300.0
OUT_03541,400.0
OUT_03542,400.0
OUT_03543,400.0
OUT_03544,200.0
OUT_03545,300.0
OUT_03546,0.0
OUT_03547,200.0
OUT_03548,400.0
OUT_03549,4200.0
OUT_03550,500.0
OUT_03551,500.0
OUT_03552,200.0
OUT_03553,200.0
OUT_03554,200.0
OUT_03555,2300.0
OUT_03556,4500.0
OUT_03557,200.0
OUT_03558,300.0
OUT_03559,4100.0
OUT_03560,300.0
OUT_03561,300.0
OUT_03562,200.0
OUT_03563,300.0
OUT_03564,400.0
OUT_03565,300.0
OUT_03566,300.0
OUT_03567,400.0
OUT_03568,300.0
OUT_03569,400.0
OUT_03570,4400.0
OUT_03571,500.0
OUT_03572,2000.0
OUT_03573,400.0
OUT_03574,300.0
OUT_03575,500.0
OUT_03576,100.0
OUT_03577,4800.0
OUT_03578,400.0
OUT_03579,2300.0
OUT_03580,200.0
OUT_03581,200.0
OUT_03582,400.0
OUT_03583,200.0
OUT_03584,100.0
OUT_03585,200.0
OUT_03586,300.0
OUT_03587,300.0
OUT_03588,300.0
OUT_03589,300.0
OUT_03590,400.0
OUT_03591,3900.0
OUT_03592,100.0
OUT_03593,200.0
OUT_03594,400.0
OUT_03595,200.0
OUT_03596,200.0
OUT_03597,600.0
OUT_03598,500.0
OUT_03599,400.0
OUT_03600,400.0
OUT_03601,400.0
OUT_03602,300.0
OUT_03603,100.0
OUT_03604,400.0
OUT_03605,200.0
OUT_03606,700.0
OUT_03607,300.0
OUT_03608,200.0
OUT_03609,200.0
OUT_03610,200.0
OUT_03611,300.0
OUT_03612,400.0
OUT_03613,200.0
OUT_03614,200.0
OUT_03615,600.0
OUT_03616,1000.0
OUT_03617,400.0
OUT_03618,200.0
OUT_03619,300.0
OUT_03620,400.0
OUT_03621,200.0
OUT_03622,700.0
OUT_03623,400.0
OUT_03624,200.0
OUT_03625,0.0
OUT_03626,300.0
OUT_03627,400.0
OUT_03628,300.0
OUT_03629,500.0
OUT_03630,300.0
OUT_03631,600.0
OUT_03632,200.0
OUT_03633,200.0
OUT_03634,600.0
OUT_03635,4800.0
OUT_03636,200.0
OUT_03637,400.0
OUT_03638,300.0
OUT_03639,200.0
OUT_03640,300.0
OUT_03641,300.0
OUT_03642,200.0
OUT_03643,300.0
OUT_03644,900.0
OUT_03645,200.0
OUT_03646,200.0
OUT_03647,100.0
OUT_03648,300.0
OUT_03649,400.0
OUT_03650,300.0
OUT_03651,500.0
OUT_03652,100.0
OUT_03653,5100.0
OUT_03654,100.0
OUT_03655,300.0
OUT_03656,0.0
OUT_03657,200.0
OUT_03658,400.0
OUT_03659,200.0
OUT_03660,400.0
OUT_03661,300.0
OUT_03662,100.0
OUT_03663,300.0
OUT_03664,300.0
OUT_03665,400.0
OUT_03666,100.0
OUT_03667,600.0
OUT_03668,500.0
OUT_03669,2100.0
OUT_03670,100.0
OUT_03671,300.0
OUT_03672,100.0
OUT_03673,200.0
OUT_03674,400.0
OUT_03675,300.0
OUT_03676,4500.0
OUT_03677,200.0
OUT_03678,400.0
OUT_03679,200.0
OUT_03680,4800.0
OUT_03681,400.0
OUT_03682,400.0
OUT_03683,200.0
OUT_03684,100.0
OUT_03685,200.0
OUT_03686,5300.0
OUT_03687,200.0
OUT_03688,100.0
OUT_03689,400.0
OUT_03690,400.0
OUT_03691,300.0
OUT_03692,300.0
OUT_03693,100.0
OUT_03694,300.0
OUT_03695,300.0
OUT_03696,200.0
OUT_03697,400.0
OUT_03698,300.0
OUT_03699,500.0
OUT_03700,300.0
OUT_03701,700.0
OUT_03702,200.0
OUT_03703,500.0
OUT_03704,300.0
OUT_03705,200.0
OUT_03706,100.0
OUT_03707,0.0
OUT_03708,100.0
OUT_03709,1900.0
OUT_03710,300.0
OUT_03711,200.0
OUT_03712,400.0
OUT_03713,100.0
OUT_03714,200.0
OUT_03715,200.0
OUT_03716,400.0
OUT_03717,400.0
OUT_03718,300.0
OUT_03719,5200.0
OUT_03720,0.0
OUT_03721,300.0
OUT_03722,300.0
OUT_03723,500.0
OUT_03724,4300.0
OUT_03725,100.0
OUT_03726,300.0
OUT_03727,200.0
OUT_03728,0.0
OUT_03729,200.0
OUT_03730,300.0
OUT_03731,300.0
OUT_03732,100.0
OUT_03733,400.0
OUT_03734,200.0
OUT_03735,400.0
OUT_03736,400.0
OUT_03737,100.0
OUT_03738,200.0
OUT_03739,500.0
OUT_03740,200.0
OUT_03741,5200.0
OUT_03742,200.0
OUT_03743,400.0
OUT_03744,200.0
OUT_03745,100.0
OUT_03746,300.0
OUT_03747,300.0
OUT_03748,300.0
OUT_03749,200.0
OUT_03750,300.0
OUT_03751,200.0
OUT_03752,200.0
OUT_03753,100.0
OUT_03754,700.0
OUT_03755,200.0
OUT_03756,300.0
OUT_03757,4300.0
OUT_03758,200.0
OUT_03759,200.0
OUT_03760,300.0
OUT_03761,100.0
OUT_03762,400.0
OUT_03763,100.0
OUT_03764,500.0
OUT_03765,300.0
OUT_03766,4600.0
OUT_03767,400.0
OUT_03768,400.0
OUT_03769,400.0
OUT_03770,300.0
OUT_03771,300.0
OUT_03772,2400.0
OUT_03773,700.0
OUT_03774,300.0
OUT_03775,300.0
OUT_03776,200.0
OUT_03777,400.0
OUT_03778,100.0
OUT_03779,200.0
OUT_03780,200.0
OUT_03781,300.0
OUT_03782,200.0
OUT_03783,400.0
OUT_03784,300.0
OUT_03785,100.0
OUT_03786,5100.0
OUT_03787,200.0
OUT_03788,200.0
OUT_03789,300.0
OUT_03790,0.0
OUT_03791,400.0
OUT_03792,300.0
OUT_03793,200.0
OUT_03794,400.0
OUT_03795,400.0
OUT_03796,500.0
OUT_03797,400.0
OUT_03798,300.0
OUT_03799,500.0
OUT_03800,600.0
OUT_03801,300.0
OUT_03802,200.0
OUT_03803,600.0
OUT_03804,400.0
OUT_03805,300.0
OUT_03806,200.0
OUT_03807,200.0
OUT_03808,200.0
OUT_03809,200.0
OUT_03810,400.0
OUT_03811,100.0
OUT_03812,0.0
OUT_03813,200.0
OUT_03814,4500.0
OUT_03815,500.0
OUT_03816,200.0
OUT_03817,100.0
OUT_03818,300.0
OUT_03819,200.0
OUT_03820,300.0
OUT_03821,300.0
OUT_03822,100.0
OUT_03823,300.0
OUT_03824,1000.0
OUT_03825,200.0
OUT_03826,200.0
OUT_03827,400.0
OUT_03828,2300.0
OUT_03829,4400.0
OUT_03830,300.0
OUT_03831,200.0
OUT_03832,500.0
OUT_03833,500.0
OUT_03834,100.0
OUT_03835,100.0
OUT_03836,400.0
OUT_03837,400.0
OUT_03838,100.0
OUT_03839,200.0
OUT_03840,900.0
OUT_03841,500.0
OUT_03842,200.0
OUT_03843,300.0
OUT_03844,400.0
OUT_03845,200.0
OUT_03846,300.0
OUT_03847,800.0
OUT_03848,300.0
OUT_03849,600.0
OUT_03850,400.0
OUT_03851,100.0
OUT_03852,200.0
OUT_03853,200.0
OUT_03854,300.0
OUT_03855,200.0
OUT_03856,200.0
OUT_03857,200.0
OUT_03858,400.0
OUT_03859,100.0
OUT_03860,500.0
OUT_03861,500.0
OUT_03862,300.0
OUT_03863,700.0
OUT_03864,2600.0
OUT_03865,300.0
OUT_03866,4200.0
OUT_03867,200.0
OUT_03868,0.0
OUT_03869,300.0
OUT_03870,200.0
OUT_03871,300.0
OUT_03872,100.0
OUT_03873,300.0
OUT_03874,0.0
OUT_03875,400.0
OUT_03876,600.0
OUT_03877,200.0
OUT_03878,600.0
OUT_03879,300.0
OUT_03880,200.0
OUT_03881,200.0
OUT_03882,200.0
OUT_03883,300.0
OUT_03884,200.0
OUT_03885,4400.0
OUT_03886,300.0
OUT_03887,200.0
OUT_03888,200.0
OUT_03889,300.0
OUT_03890,600.0
OUT_03891,400.0
OUT_03892,100.0
OUT_03893,500.0
OUT_03894,200.0
OUT_03895,500.0
OUT_03896,200.0
OUT_03897,300.0
OUT_03898,200.0
OUT_03899,500.0
OUT_03900,3000.0
OUT_03901,100.0
OUT_03902,400.0
OUT_03903,400.0
OUT_03904,200.0
OUT_03905,200.0
OUT_03906,2100.0
OUT_03907,300.0
OUT_03908,400.0
OUT_03909,400.0
OUT_03910,500.0
OUT_03911,4500.0
OUT_03912,200.0
OUT_03913,0.0
OUT_03914,300.0
OUT_03915,100.0
OUT_03916,700.0
OUT_03917,400.0
OUT_03918,400.0
OUT_03919,400.0
OUT_03920,2400.0
OUT_03921,200.0
OUT_03922,400.0
OUT_03923,4900.0
OUT_03924,200.0
OUT_03925,300.0
OUT_03926,1700.0
OUT_03927,600.0
OUT_03928,4500.0
OUT_03929,200.0
OUT_03930,300.0
OUT_03931,200.0
OUT_03932,300.0
OUT_03933,200.0
OUT_03934,400.0
OUT_03935,200.0
OUT_03936,100.0
OUT_03937,300.0
OUT_03938,300.0
OUT_03939,2300.0
OUT_03940,300.0
OUT_03941,0.0
OUT_03942,200.0
OUT_03943,100.0
OUT_03944,4400.0
OUT_03945,0.0
OUT_03946,100.0
OUT_03947,300.0
OUT_03948,0.0
OUT_03949,200.0
OUT_03950,100.0
OUT_03951,100.0
OUT_03952,400.0
OUT_03953,200.0
OUT_03954,4400.0
OUT_03955,200.0
OUT_03956,200.0
OUT_03957,4500.0
OUT_03958,300.0
OUT_03959,5100.0
OUT_03960,500.0
OUT_03961,200.0
OUT_03962,200.0
OUT_03963,200.0
OUT_03964,200.0
OUT_03965,700.0
OUT_03966,100.0
OUT_03967,4400.0
OUT_03968,200.0
OUT_03969,200.0
OUT_03970,100.0
OUT_03971,200.0
OUT_03972,200.0
OUT_03973,100.0
OUT_03974,200.0
OUT_03975,400.0
OUT_03976,100.0
OUT_03977,200.0
OUT_03978,200.0
OUT_03979,200.0
OUT_03980,600.0
OUT_03981,200.0
OUT_03982,3200.0
OUT_03983,4600.0
OUT_03984,300.0
OUT_03985,300.0
OUT_03986,800.0
OUT_03987,100.0
OUT_03988,700.0
OUT_03989,200.0
OUT_03990,300.0
OUT_03991,600.0
OUT_03992,200.0
OUT_03993,300.0
OUT_03994,700.0
OUT_03995,100.0
OUT_03996,100.0
OUT_03997,200.0
OUT_03998,400.0
OUT_03999,4800.0
OUT_04000,300.0
OUT_04001,200.0
OUT_04002,400.0
OUT_04003,100.0
OUT_04004,200.0
OUT_04005,700.0
OUT_04006,200.0
OUT_04007,400.0
OUT_04008,100.0
OUT_04009,1900.0
OUT_04010,200.0
OUT_04011,300.0
OUT_04012,400.0
OUT_04013,600.0
OUT_04014,200.0
OUT_04015,200.0
OUT_04016,100.0
OUT_04017,200.0
OUT_04018,400.0
OUT_04019,200.0
OUT_04020,300.0
OUT_04021,500.0
OUT_04022,300.0
OUT_04023,300.0
OUT_04024,200.0
OUT_04025,200.0
OUT_04026,700.0
OUT_04027,5700.0
OUT_04028,400.0
OUT_04029,200.0
OUT_04030,100.0
OUT_04031,300.0
OUT_04032,400.0
OUT_04033,300.0
OUT_04034,200.0
OUT_04035,200.0
OUT_04036,200.0
OUT_04037,300.0
OUT_04038,200.0
OUT_04039,500.0
OUT_04040,300.0
OUT_04041,100.0
OUT_04042,400.0
OUT_04043,300.0
OUT_04044,600.0
OUT_04045,300.0
OUT_04046,400.0
OUT_04047,200.0
OUT_04048,800.0
OUT_04049,0.0
OUT_04050,2600.0
OUT_04051,200.0
OUT_04052,800.0
OUT_04053,200.0
OUT_04054,300.0
OUT_04055,300.0
OUT_04056,3700.0
OUT_04057,300.0
OUT_04058,300.0
OUT_04059,600.0
OUT_04060,300.0
OUT_04061,500.0
OUT_04062,400.0
OUT_04063,400.0
OUT_04064,700.0
OUT_04065,0.0
OUT_04066,200.0
OUT_04067,300.0
OUT_04068,2500.0
OUT_04069,400.0
OUT_04070,500.0
OUT_04071,500.0
OUT_04072,400.0
OUT_04073,400.0
OUT_04074,0.0
OUT_04075,200.0
OUT_04076,300.0
OUT_04077,100.0
OUT_04078,200.0
OUT_04079,200.0
OUT_04080,300.0
OUT_04081,200.0
OUT_04082,300.0
OUT_04083,500.0
OUT_04084,300.0
OUT_04085,100.0
OUT_04086,200.0
OUT_04087,200.0
OUT_04088,300.0
OUT_04089,400.0
OUT_04090,200.0
OUT_04091,400.0
OUT_04092,300.0
OUT_04093,200.0
OUT_04094,400.0
OUT_04095,200.0
OUT_04096,300.0
OUT_04097,500.0
OUT_04098,300.0
OUT_04099,200.0
OUT_04100,100.0
OUT_04101,100.0
OUT_04102,2700.0
OUT_04103,300.0
OUT_04104,0.0
OUT_04105,300.0
OUT_04106,300.0
OUT_04107,300.0
OUT_04108,700.0
OUT_04109,300.0
OUT_04110,300.0
OUT_04111,600.0
OUT_04112,200.0
OUT_04113,400.0
OUT_04114,300.0
OUT_04115,300.0
OUT_04116,300.0
OUT_04117,400.0
OUT_04118,200.0
OUT_04119,400.0
OUT_04120,4900.0
OUT_04121,500.0
OUT_04122,300.0
OUT_04123,400.0
OUT_04124,100.0
OUT_04125,100.0
OUT_04126,400.0
OUT_04127,300.0
OUT_04128,4600.0
OUT_04129,300.0
OUT_04130,0.0
OUT_04131,500.0
OUT_04132,300.0
OUT_04133,300.0
OUT_04134,100.0
OUT_04135,500.0
OUT_04136,4300.0
OUT_04137,300.0
OUT_04138,200.0
OUT_04139,3100.0
OUT_04140,200.0
OUT_04141,200.0
OUT_04142,300.0
OUT_04143,600.0
OUT_04144,200.0
OUT_04145,200.0
OUT_04146,400.0
OUT_04147,300.0
OUT_04148,0.0
OUT_04149,200.0
OUT_04150,200.0
OUT_04151,300.0
OUT_04152,200.0
OUT_04153,200.0
OUT_04154,600.0
OUT_04155,700.0
OUT_04156,400.0
OUT_04157,300.0
OUT_04158,0.0
OUT_04159,200.0
OUT_04160,200.0
OUT_04161,4500.0
OUT_04162,200.0
OUT_04163,100.0
OUT_04164,100.0
OUT_04165,500.0
OUT_04166,200.0
OUT_04167,100.0
OUT_04168,300.0
OUT_04169,300.0
OUT_04170,300.0
OUT_04171,5700.0
OUT_04172,200.0
OUT_04173,400.0
OUT_04174,700.0
OUT_04175,200.0
OUT_04176,300.0
OUT_04177,100.0
OUT_04178,100.0
OUT_04179,0.0
OUT_04180,300.0
OUT_04181,200.0
OUT_04182,200.0
OUT_04183,200.0
OUT_04184,100.0
OUT_04185,200.0
OUT_04186,200.0
OUT_04187,500.0
OUT_04188,300.0
OUT_04189,300.0
OUT_04190,500.0
OUT_04191,100.0
OUT_04192,300.0
OUT_04193,300.0
OUT_04194,1000.0
OUT_04195,100.0
OUT_04196,2100.0
OUT_04197,400.0
OUT_04198,200.0
OUT_04199,5000.0
OUT_04200,300.0
OUT_04201,200.0
OUT_04202,200.0
OUT_04203,300.0
OUT_04204,400.0
OUT_04205,400.0
OUT_04206,4600.0
OUT_04207,200.0
OUT_04208,300.0
OUT_04209,400.0
OUT_04210,300.0
OUT_04211,300.0
OUT_04212,200.0
OUT_04213,300.0
OUT_04214,200.0
OUT_04215,400.0
OUT_04216,300.0
OUT_04217,500.0
OUT_04218,200.0
OUT_04219,100.0
OUT_04220,200.0
OUT_04221,3100.0
OUT_04222,200.0
OUT_04223,100.0
OUT_04224,200.0
OUT_04225,0.0
OUT_04226,400.0
OUT_04227,600.0
OUT_04228,400.0
OUT_04229,300.0
OUT_04230,100.0
OUT_04231,400.0
OUT_04232,2400.0
OUT_04233,500.0
OUT_04234,200.0
OUT_04235,200.0
OUT_04236,300.0
OUT_04237,4600.0
OUT_04238,400.0
OUT_04239,4000.0
OUT_04240,300.0
OUT_04241,200.0
OUT_04242,100.0
OUT_04243,100.0
OUT_04244,100.0
OUT_04245,300.0
OUT_04246,400.0
OUT_04247,100.0
OUT_04248,400.0
OUT_04249,200.0
OUT_04250,600.0
OUT_04251,4200.0
OUT_04252,400.0
OUT_04253,300.0
OUT_04254,700.0
OUT_04255,0.0
OUT_04256,300.0
OUT_04257,100.0
OUT_04258,200.0
OUT_04259,500.0
OUT_04260,5100.0
OUT_04261,500.0
OUT_04262,200.0
OUT_04263,400.0
OUT_04264,200.0
OUT_04265,0.0
OUT_04266,200.0
OUT_04267,200.0
OUT_04268,200.0
OUT_04269,700.0
OUT_04270,300.0
OUT_04271,300.0
OUT_04272,300.0
OUT_04273,100.0
OUT_04274,300.0
OUT_04275,100.0
OUT_04276,300.0
OUT_04277,200.0
OUT_04278,100.0
OUT_04279,200.0
OUT_04280,400.0
OUT_04281,200.0
OUT_04282,500.0
OUT_04283,300.0
OUT_04284,100.0
OUT_04285,100.0
OUT_04286,300.0
OUT_04287,200.0
OUT_04288,400.0
OUT_04289,400.0
OUT_04290,400.0
OUT_04291,300.0
OUT_04292,200.0
OUT_04293,1900.0
OUT_04294,300.0
OUT_04295,4400.0
OUT_04296,400.0
OUT_04297,100.0
OUT_04298,400.0
OUT_04299,300.0
OUT_04300,0.0
OUT_04301,300.0
OUT_04302,100.0
OUT_04303,400.0
OUT_04304,800.0
OUT_04305,300.0
OUT_04306,100.0
OUT_04307,300.0
OUT_04308,200.0
OUT_04309,800.0
OUT_04310,100.0
OUT_04311,200.0
OUT_04312,400.0
OUT_04313,400.0
OUT_04314,200.0
OUT_04315,100.0
OUT_04316,400.0
OUT_04317,200.0
OUT_04318,200.0
OUT_04319,400.0
OUT_04320,2900.0
OUT_04321,300.0
OUT_04322,600.0
OUT_04323,200.0
OUT_04324,300.0
OUT_04325,200.0
OUT_04326,300.0
OUT_04327,100.0
OUT_04328,400.0
OUT_04329,300.0
OUT_04330,300.0
OUT_04331,400.0
OUT_04332,300.0
OUT_04333,400.0
OUT_04334,400.0
OUT_04335,500.0
OUT_04336,300.0
OUT_04337,300.0
OUT_04338,200.0
OUT_04339,300.0
OUT_04340,0.0
OUT_04341,300.0
OUT_04342,800.0
OUT_04343,400.0
OUT_04344,400.0
OUT_04345,100.0
OUT_04346,300.0
OUT_04347,600.0
OUT_04348,300.0
OUT_04349,500.0
OUT_04350,300.0
OUT_04351,2600.0
OUT_04352,200.0
OUT_04353,100.0
OUT_04354,200.0
OUT_04355,200.0
OUT_04356,600.0
OUT_04357,500.0
OUT_04358,300.0
OUT_04359,4400.0
OUT_04360,200.0
OUT_04361,300.0
OUT_04362,400.0
OUT_04363,100.0
OUT_04364,200.0
OUT_04365,300.0
OUT_04366,400.0
OUT_04367,300.0
OUT_04368,5400.0
OUT_04369,200.0
OUT_04370,500.0
OUT_04371,200.0
OUT_04372,200.0
OUT_04373,300.0
OUT_04374,200.0
OUT_04375,200.0
OUT_04376,100.0
OUT_04377,200.0
OUT_04378,200.0
OUT_04379,100.0
OUT_04380,100.0
OUT_04381,0.0
OUT_04382,2000.0
OUT_04383,200.0
OUT_04384,200.0
OUT_04385,600.0
OUT_04386,400.0
OUT_04387,300.0
OUT_04388,200.0
OUT_04389,400.0
OUT_04390,200.0
OUT_04391,500.0
OUT_04392,200.0
OUT_04393,4100.0
OUT_04394,300.0
OUT_04395,0.0
OUT_04396,200.0
OUT_04397,300.0
OUT_04398,100.0
OUT_04399,700.0
OUT_04400,500.0
OUT_04401,400.0
OUT_04402,500.0
OUT_04403,100.0
OUT_04404,700.0
OUT_04405,700.0
OUT_04406,400.0
OUT_04407,300.0
OUT_04408,100.0
OUT_04409,4600.0
OUT_04410,200.0
OUT_04411,100.0
OUT_04412,400.0
OUT_04413,400.0
OUT_04414,300.0
OUT_04415,400.0
OUT_04416,200.0
OUT_04417,400.0
OUT_04418,300.0
OUT_04419,0.0
OUT_04420,200.0
OUT_04421,200.0
OUT_04422,2200.0
OUT_04423,200.0
OUT_04424,400.0
OUT_04425,200.0
OUT_04426,300.0
OUT_04427,200.0
OUT_04428,200.0
OUT_04429,400.0
OUT_04430,200.0
OUT_04431,200.0
OUT_04432,200.0
OUT_04433,2200.0
OUT_04434,200.0
OUT_04435,1900.0
OUT_04436,400.0
OUT_04437,800.0
OUT_04438,2200.0
OUT_04439,800.0
OUT_04440,300.0
OUT_04441,100.0
OUT_04442,400.0
OUT_04443,200.0
OUT_04444,300.0
OUT_04445,400.0
OUT_04446,500.0
OUT_04447,200.0
OUT_04448,400.0
OUT_04449,600.0
OUT_04450,300.0
OUT_04451,300.0
OUT_04452,200.0
OUT_04453,400.0
OUT_04454,200.0
OUT_04455,300.0
OUT_04456,100.0
OUT_04457,400.0
OUT_04458,300.0
OUT_04459,300.0
OUT_04460,200.0
OUT_04461,300.0
OUT_04462,400.0
OUT_04463,300.0
OUT_04464,200.0
OUT_04465,400.0
OUT_04466,300.0
OUT_04467,100.0
OUT_04468,100.0
OUT_04469,200.0
OUT_04470,200.0
OUT_04471,500.0
OUT_04472,300.0
OUT_04473,200.0
OUT_04474,400.0
OUT_04475,300.0
OUT_04476,500.0
OUT_04477,200.0
OUT_04478,700.0
OUT_04479,200.0
OUT_04480,2400.0
OUT_04481,200.0
OUT_04482,300.0
OUT_04483,300.0
OUT_04484,400.0
OUT_04485,200.0
OUT_04486,300.0
OUT_04487,500.0
OUT_04488,300.0
OUT_04489,700.0
OUT_04490,300.0
OUT_04491,100.0
OUT_04492,600.0
OUT_04493,200.0
OUT_04494,200.0
OUT_04495,100.0
OUT_04496,200.0
OUT_04497,300.0
OUT_04498,200.0
OUT_04499,200.0
OUT_04500,4300.0
OUT_04501,300.0
OUT_04502,300.0
OUT_04503,100.0
OUT_04504,200.0
OUT_04505,100.0
OUT_04506,300.0
OUT_04507,500.0
OUT_04508,100.0
OUT_04509,600.0
OUT_04510,200.0
OUT_04511,200.0
OUT_04512,200.0
OUT_04513,200.0
OUT_04514,600.0
OUT_04515,300.0
OUT_04516,300.0
OUT_04517,300.0
OUT_04518,300.0
OUT_04519,300.0
OUT_04520,700.0
OUT_04521,200.0
OUT_04522,300.0
OUT_04523,500.0
OUT_04524,200.0
OUT_04525,300.0
OUT_04526,2200.0
OUT_04527,300.0
OUT_04528,500.0
OUT_04529,100.0
OUT_04530,200.0
OUT_04531,300.0
OUT_04532,300.0
OUT_04533,500.0
OUT_04534,200.0
OUT_04535,200.0
OUT_04536,300.0
OUT_04537,200.0
OUT_04538,400.0
OUT_04539,100.0
OUT_04540,200.0
OUT_04541,300.0
OUT_04542,100.0
OUT_04543,300.0
OUT_04544,300.0
OUT_04545,400.0
OUT_04546,100.0
OUT_04547,200.0
OUT_04548,200.0
OUT_04549,100.0
OUT_04550,100.0
OUT_04551,400.0
OUT_04552,300.0
OUT_04553,300.0
OUT_04554,200.0
OUT_04555,200.0
OUT_04556,500.0
OUT_04557,200.0
OUT_04558,300.0
OUT_04559,200.0
OUT_04560,500.0
OUT_04561,300.0
OUT_04562,300.0
OUT_04563,400.0
OUT_04564,200.0
OUT_04565,300.0
OUT_04566,300.0
OUT_04567,200.0
OUT_04568,600.0
OUT_04569,4800.0
OUT_04570,200.0
OUT_04571,300.0
OUT_04572,300.0
OUT_04573,200.0
OUT_04574,200.0
OUT_04575,600.0
OUT_04576,500.0
OUT_04577,200.0
OUT_04578,0.0
OUT_04579,400.0
OUT_04580,300.0
OUT_04581,200.0
OUT_04582,200.0
OUT_04583,300.0
OUT_04584,200.0
OUT_04585,100.0
OUT_04586,300.0
OUT_04587,100.0
OUT_04588,100.0
OUT_04589,200.0
OUT_04590,400.0
OUT_04591,100.0
OUT_04592,400.0
OUT_04593,4200.0
OUT_04594,800.0
OUT_04595,300.0
OUT_04596,200.0
OUT_04597,200.0
OUT_04598,1900.0
OUT_04599,300.0
OUT_04600,100.0
OUT_04601,200.0
OUT_04602,0.0
OUT_04603,100.0
OUT_04604,200.0
OUT_04605,0.0
OUT_04606,2500.0
OUT_04607,400.0
OUT_04608,300.0
OUT_04609,4700.0
OUT_04610,400.0
OUT_04611,400.0
OUT_04612,400.0
OUT_04613,700.0
OUT_04614,100.0
OUT_04615,700.0
OUT_04616,300.0
OUT_04617,400.0
OUT_04618,300.0
OUT_04619,400.0
OUT_04620,1000.0
OUT_04621,200.0
OUT_04622,100.0
OUT_04623,300.0
OUT_04624,100.0
OUT_04625,200.0
OUT_04626,800.0
OUT_04627,400.0
OUT_04628,200.0
OUT_04629,200.0
OUT_04630,200.0
OUT_04631,400.0
OUT_04632,300.0
OUT_04633,300.0
OUT_04634,200.0
OUT_04635,400.0
OUT_04636,100.0
OUT_04637,400.0
OUT_04638,200.0
OUT_04639,100.0
OUT_04640,5300.0
OUT_04641,200.0
OUT_04642,100.0
OUT_04643,400.0
OUT_04644,800.0
OUT_04645,200.0
OUT_04646,200.0
OUT_04647,200.0
OUT_04648,300.0
OUT_04649,100.0
OUT_04650,100.0
OUT_04651,700.0
OUT_04652,300.0
OUT_04653,200.0
OUT_04654,400.0
OUT_04655,300.0
OUT_04656,100.0
OUT_04657,200.0
OUT_04658,200.0
OUT_04659,100.0
OUT_04660,200.0
OUT_04661,400.0
OUT_04662,300.0
OUT_04663,200.0
OUT_04664,1800.0
OUT_04665,300.0
OUT_04666,300.0
OUT_04667,600.0
OUT_04668,0.0
OUT_04669,400.0
OUT_04670,100.0
OUT_04671,300.0
OUT_04672,300.0
OUT_04673,0.0
OUT_04674,100.0
OUT_04675,400.0
OUT_04676,3000.0
OUT_04677,100.0
OUT_04678,5500.0
OUT_04679,500.0
OUT_04680,0.0
OUT_04681,200.0
OUT_04682,100.0
OUT_04683,400.0
OUT_04684,400.0
OUT_04685,400.0
OUT_04686,200.0
OUT_04687,100.0
OUT_04688,200.0
OUT_04689,400.0
OUT_04690,200.0
OUT_04691,200.0
OUT_04692,200.0
OUT_04693,100.0
OUT_04694,2900.0
OUT_04695,400.0
OUT_04696,100.0
OUT_04697,400.0
OUT_04698,400.0
OUT_04699,200.0
OUT_04700,400.0
OUT_04701,600.0
OUT_04702,300.0
OUT_04703,600.0
OUT_04704,700.0
OUT_04705,100.0
OUT_04706,500.0
OUT_04707,200.0
OUT_04708,100.0
OUT_04709,100.0
OUT_04710,300.0
OUT_04711,400.0
OUT_04712,100.0
OUT_04713,500.0
OUT_04714,400.0
OUT_04715,200.0
OUT_04716,300.0
OUT_04717,400.0
OUT_04718,400.0
OUT_04719,200.0
OUT_04720,300.0
OUT_04721,400.0
OUT_04722,200.0
OUT_04723,200.0
OUT_04724,600.0
OUT_04725,0.0
OUT_04726,300.0
OUT_04727,100.0
OUT_04728,200.0
OUT_04729,400.0
OUT_04730,200.0
OUT_04731,200.0
OUT_04732,400.0
OUT_04733,500.0
OUT_04734,500.0
OUT_04735,200.0
OUT_04736,500.0
OUT_04737,500.0
OUT_04738,200.0
OUT_04739,100.0
OUT_04740,300.0
OUT_04741,200.0
OUT_04742,500.0
OUT_04743,300.0
OUT_04744,200.0
OUT_04745,300.0
OUT_04746,400.0
OUT_04747,100.0
OUT_04748,300.0
OUT_04749,300.0
OUT_04750,200.0
OUT_04751,800.0
OUT_04752,4700.0
OUT_04753,400.0
OUT_04754,300.0
OUT_04755,200.0
OUT_04756,200.0
OUT_04757,200.0
OUT_04758,500.0
OUT_04759,400.0
OUT_04760,400.0
OUT_04761,200.0
OUT_04762,200.0
OUT_04763,200.0
OUT_04764,200.0
OUT_04765,300.0
OUT_04766,2800.0
OUT_04767,200.0
OUT_04768,400.0
OUT_04769,300.0
OUT_04770,100.0
OUT_04771,0.0
OUT_04772,600.0
OUT_04773,400.0
OUT_04774,200.0
OUT_04775,100.0
OUT_04776,300.0
OUT_04777,200.0
OUT_04778,200.0
OUT_04779,300.0
OUT_04780,100.0
OUT_04781,200.0
OUT_04782,400.0
OUT_04783,400.0
OUT_04784,300.0
OUT_04785,400.0
OUT_04786,300.0
OUT_04787,100.0
OUT_04788,400.0
OUT_04789,200.0
OUT_04790,4700.0
OUT_04791,700.0
OUT_04792,200.0
OUT_04793,100.0
OUT_04794,200.0
OUT_04795,600.0
OUT_04796,500.0
OUT_04797,300.0
OUT_04798,700.0
OUT_04799,100.0
OUT_04800,200.0
OUT_04801,300.0
OUT_04802,400.0
OUT_04803,200.0
OUT_04804,700.0
OUT_04805,200.0
OUT_04806,400.0
OUT_04807,300.0
OUT_04808,600.0
OUT_04809,100.0
OUT_04810,300.0
OUT_04811,500.0
OUT_04812,4300.0
OUT_04813,200.0
OUT_04814,500.0
OUT_04815,100.0
OUT_04816,200.0
OUT_04817,200.0
OUT_04818,300.0
OUT_04819,5300.0
OUT_04820,200.0
OUT_04821,100.0
OUT_04822,300.0
OUT_04823,400.0
OUT_04824,300.0
OUT_04825,400.0
OUT_04826,100.0
OUT_04827,300.0
OUT_04828,300.0
OUT_04829,300.0
OUT_04830,400.0
OUT_04831,200.0
OUT_04832,200.0
OUT_04833,400.0
OUT_04834,300.0
OUT_04835,5100.0
OUT_04836,300.0
OUT_04837,100.0
OUT_04838,100.0
OUT_04839,400.0
OUT_04840,100.0
OUT_04841,400.0
OUT_04842,400.0
OUT_04843,300.0
OUT_04844,700.0
OUT_04845,400.0
OUT_04846,100.0
OUT_04847,300.0
OUT_04848,300.0
OUT_04849,300.0
OUT_04850,300.0
OUT_04851,200.0
OUT_04852,300.0
OUT_04853,6400.0
OUT_04854,700.0
OUT_04855,200.0
OUT_04856,400.0
OUT_04857,2300.0
OUT_04858,300.0
OUT_04859,300.0
OUT_04860,200.0
OUT_04861,300.0
OUT_04862,300.0
OUT_04863,300.0
OUT_04864,300.0
OUT_04865,400.0
OUT_04866,300.0
OUT_04867,100.0
OUT_04868,200.0
OUT_04869,1900.0
OUT_04870,400.0
OUT_04871,100.0
OUT_04872,300.0
OUT_04873,500.0
OUT_04874,300.0
OUT_04875,400.0
OUT_04876,500.0
OUT_04877,100.0
OUT_04878,200.0
OUT_04879,4700.0
OUT_04880,200.0
OUT_04881,100.0
OUT_04882,200.0
OUT_04883,100.0
OUT_04884,200.0
OUT_04885,600.0
OUT_04886,300.0
OUT_04887,1900.0
OUT_04888,200.0
OUT_04889,100.0
OUT_04890,0.0
OUT_04891,400.0
OUT_04892,500.0
OUT_04893,400.0
OUT_04894,300.0
OUT_04895,400.0
OUT_04896,100.0
OUT_04897,300.0
OUT_04898,800.0
OUT_04899,200.0
OUT_04900,300.0
OUT_04901,300.0
OUT_04902,200.0
OUT_04903,400.0
OUT_04904,400.0
OUT_04905,100.0
OUT_04906,100.0
OUT_04907,200.0
OUT_04908,100.0
OUT_04909,200.0
OUT_04910,200.0
OUT_04911,300.0
OUT_04912,300.0
OUT_04913,700.0
OUT_04914,400.0
OUT_04915,0.0
OUT_04916,100.0
OUT_04917,200.0
OUT_04918,100.0
OUT_04919,3300.0
OUT_04920,300.0
OUT_04921,100.0
OUT_04922,400.0
OUT_04923,100.0
OUT_04924,400.0
OUT_04925,600.0
OUT_04926,300.0
OUT_04927,400.0
OUT_04928,200.0
OUT_04929,400.0
OUT_04930,100.0
OUT_04931,100.0
OUT_04932,300.0
OUT_04933,200.0
OUT_04934,200.0
OUT_04935,400.0
OUT_04936,200.0
OUT_04937,300.0
OUT_04938,100.0
OUT_04939,200.0
OUT_04940,300.0
OUT_04941,400.0
OUT_04942,500.0
OUT_04943,100.0
OUT_04944,600.0
OUT_04945,300.0
OUT_04946,200.0
OUT_04947,2500.0
OUT_04948,100.0
OUT_04949,300.0
OUT_04950,300.0
OUT_04951,300.0
OUT_04952,400.0
OUT_04953,700.0
OUT_04954,300.0
OUT_04955,300.0
OUT_04956,200.0
OUT_04957,200.0
OUT_04958,100.0
OUT_04959,300.0
OUT_04960,100.0
OUT_04961,300.0
OUT_04962,4800.0
OUT_04963,300.0
OUT_04964,200.0
OUT_04965,100.0
OUT_04966,200.0
OUT_04967,300.0
OUT_04968,500.0
OUT_04969,200.0
OUT_04970,100.0
OUT_04971,600.0
OUT_04972,400.0
OUT_04973,900.0
OUT_04974,300.0
OUT_04975,300.0
OUT_04976,100.0
OUT_04977,0.0
OUT_04978,200.0
OUT_04979,4700.0
OUT_04980,300.0
OUT_04981,100.0
OUT_04982,200.0
OUT_04983,1600.0
OUT_04984,200.0
OUT_04985,500.0
OUT_04986,200.0
OUT_04987,200.0
OUT_04988,300.0
OUT_04989,100.0
OUT_04990,200.0
OUT_04991,100.0
OUT_04992,600.0
OUT_04993,400.0
OUT_04994,300.0
OUT_04995,300.0
OUT_04996,500.0
OUT_04997,200.0
OUT_04998,300.0
OUT_04999,200.0
OUT_05000,300.0
OUT_05001,300.0
OUT_05002,300.0
OUT_05003,300.0
OUT_05004,200.0
OUT_05005,300.0
OUT_05006,300.0
OUT_05007,4700.0
OUT_05008,400.0
OUT_05009,0.0
OUT_05010,400.0
OUT_05011,300.0
OUT_05012,200.0
OUT_05013,300.0
OUT_05014,300.0
OUT_05015,300.0
OUT_05016,400.0
OUT_05017,400.0
OUT_05018,200.0
OUT_05019,100.0
OUT_05020,200.0
OUT_05021,300.0
OUT_05022,100.0
OUT_05023,300.0
OUT_05024,200.0
OUT_05025,100.0
OUT_05026,300.0
OUT_05027,100.0
OUT_05028,0.0
OUT_05029,400.0
OUT_05030,300.0
OUT_05031,300.0
OUT_05032,400.0
OUT_05033,300.0
OUT_05034,300.0
OUT_05035,200.0
OUT_05036,200.0
OUT_05037,300.0
OUT_05038,400.0
OUT_05039,200.0
OUT_05040,200.0
OUT_05041,300.0
OUT_05042,100.0
OUT_05043,100.0
OUT_05044,300.0
OUT_05045,2800.0
OUT_05046,500.0
OUT_05047,100.0
OUT_05048,300.0
OUT_05049,200.0
OUT_05050,5300.0
OUT_05051,300.0
OUT_05052,900.0
OUT_05053,200.0
OUT_05054,100.0
OUT_05055,300.0
OUT_05056,200.0
OUT_05057,400.0
OUT_05058,400.0
OUT_05059,200.0
OUT_05060,100.0
OUT_05061,300.0
OUT_05062,200.0
OUT_05063,200.0
OUT_05064,300.0
OUT_05065,300.0
OUT_05066,300.0
OUT_05067,300.0
OUT_05068,400.0
OUT_05069,200.0
OUT_05070,300.0
OUT_05071,4900.0
OUT_05072,200.0
OUT_05073,200.0
OUT_05074,100.0
OUT_05075,100.0
OUT_05076,300.0
OUT_05077,200.0
OUT_05078,300.0
OUT_05079,700.0
OUT_05080,300.0
OUT_05081,100.0
OUT_05082,300.0
OUT_05083,300.0
OUT_05084,400.0
OUT_05085,400.0
OUT_05086,200.0
OUT_05087,300.0
OUT_05088,0.0
OUT_05089,400.0
OUT_05090,200.0
OUT_05091,800.0
OUT_05092,4500.0
OUT_05093,300.0
OUT_05094,200.0
OUT_05095,4900.0
OUT_05096,300.0
OUT_05097,500.0
OUT_05098,200.0
OUT_05099,100.0
OUT_05100,200.0
OUT_05101,600.0
OUT_05102,400.0
OUT_05103,200.0
OUT_05104,2200.0
OUT_05105,300.0
OUT_05106,300.0
OUT_05107,300.0
OUT_05108,0.0
OUT_05109,100.0
OUT_05110,100.0
OUT_05111,100.0
OUT_05112,200.0
OUT_05113,200.0
OUT_05114,100.0
OUT_05115,2100.0
OUT_05116,300.0
OUT_05117,200.0
OUT_05118,400.0
OUT_05119,300.0
OUT_05120,5600.0
OUT_05121,400.0
OUT_05122,600.0
OUT_05123,300.0
OUT_05124,300.0
OUT_05125,100.0
OUT_05126,400.0
OUT_05127,100.0
OUT_05128,200.0
OUT_05129,400.0
OUT_05130,500.0
OUT_05131,400.0
OUT_05132,200.0
OUT_05133,4100.0
OUT_05134,300.0
OUT_05135,0.0
OUT_05136,200.0
OUT_05137,400.0
OUT_05138,300.0
OUT_05139,300.0
OUT_05140,200.0
OUT_05141,300.0
OUT_05142,600.0
OUT_05143,300.0
OUT_05144,400.0
OUT_05145,200.0
OUT_05146,300.0
OUT_05147,400.0
OUT_05148,200.0
OUT_05149,200.0
OUT_05150,400.0
OUT_05151,300.0
OUT_05152,400.0
OUT_05153,100.0
OUT_05154,300.0
OUT_05155,200.0
OUT_05156,5000.0
OUT_05157,4200.0
OUT_05158,300.0
OUT_05159,300.0
OUT_05160,100.0
OUT_05161,200.0
OUT_05162,600.0
OUT_05163,300.0
OUT_05164,100.0
OUT_05165,400.0
OUT_05166,500.0
OUT_05167,300.0
OUT_05168,2600.0
OUT_05169,200.0
OUT_05170,600.0
OUT_05171,400.0
OUT_05172,400.0
OUT_05173,300.0
OUT_05174,200.0
OUT_05175,400.0
OUT_05176,2700.0
OUT_05177,200.0
OUT_05178,900.0
OUT_05179,300.0
OUT_05180,400.0
OUT_05181,4400.0
OUT_05182,200.0
OUT_05183,200.0
OUT_05184,400.0
OUT_05185,1900.0
OUT_05186,600.0
OUT_05187,300.0
OUT_05188,600.0
OUT_05189,300.0
OUT_05190,100.0
OUT_05191,300.0
OUT_05192,400.0
OUT_05193,200.0
OUT_05194,200.0
OUT_05195,400.0
OUT_05196,200.0
OUT_05197,500.0
OUT_05198,4500.0
OUT_05199,400.0
OUT_05200,300.0
OUT_05201,600.0
OUT_05202,200.0
OUT_05203,200.0
OUT_05204,5400.0
OUT_05205,4100.0
OUT_05206,300.0
OUT_05207,200.0
OUT_05208,100.0
OUT_05209,400.0
OUT_05210,200.0
OUT_05211,200.0
OUT_05212,400.0
OUT_05213,100.0
OUT_05214,200.0
OUT_05215,100.0
OUT_05216,400.0
OUT_05217,100.0
OUT_05218,300.0
OUT_05219,100.0
OUT_05220,300.0
OUT_05221,200.0
OUT_05222,500.0
OUT_05223,400.0
OUT_05224,200.0
OUT_05225,400.0
OUT_05226,100.0
OUT_05227,0.0
OUT_05228,100.0
OUT_05229,200.0
OUT_05230,4400.0
OUT_05231,500.0
OUT_05232,200.0
OUT_05233,600.0
OUT_05234,300.0
OUT_05235,300.0
OUT_05236,400.0
OUT_05237,200.0
OUT_05238,200.0
OUT_05239,300.0
OUT_05240,300.0
OUT_05241,300.0
OUT_05242,300.0
OUT_05243,200.0
OUT_05244,400.0
OUT_05245,200.0
OUT_05246,300.0
OUT_05247,400.0
OUT_05248,200.0
OUT_05249,400.0
OUT_05250,4000.0
OUT_05251,100.0
OUT_05252,200.0
OUT_05253,500.0
OUT_05254,200.0
OUT_05255,2400.0
OUT_05256,3300.0
OUT_05257,700.0
OUT_05258,400.0
OUT_05259,800.0
OUT_05260,200.0
OUT_05261,100.0
OUT_05262,300.0
OUT_05263,200.0
OUT_05264,600.0
OUT_05265,200.0
OUT_05266,200.0
OUT_05267,300.0
OUT_05268,0.0
OUT_05269,5300.0
OUT_05270,600.0
OUT_05271,1800.0
OUT_05272,1000.0
OUT_05273,100.0
OUT_05274,300.0
OUT_05275,200.0
OUT_05276,400.0
OUT_05277,200.0
OUT_05278,200.0
OUT_05279,0.0
OUT_05280,4700.0
OUT_05281,200.0
OUT_05282,300.0
OUT_05283,500.0
OUT_05284,300.0
OUT_05285,400.0
OUT_05286,600.0
OUT_05287,700.0
OUT_05288,300.0
OUT_05289,400.0
OUT_05290,200.0
OUT_05291,300.0
OUT_05292,900.0
OUT_05293,300.0
OUT_05294,100.0
OUT_05295,200.0
OUT_05296,100.0
OUT_05297,4300.0
OUT_05298,100.0
OUT_05299,300.0
OUT_05300,200.0
OUT_05301,400.0
OUT_05302,500.0
OUT_05303,200.0
OUT_05304,300.0
OUT_05305,400.0
OUT_05306,300.0
OUT_05307,400.0
OUT_05308,400.0
OUT_05309,400.0
OUT_05310,200.0
OUT_05311,200.0
OUT_05312,200.0
OUT_05313,400.0
OUT_05314,300.0
OUT_05315,0.0
OUT_05316,200.0
OUT_05317,100.0
OUT_05318,400.0
OUT_05319,400.0
OUT_05320,200.0
OUT_05321,500.0
OUT_05322,400.0
OUT_05323,300.0
OUT_05324,200.0
OUT_05325,600.0
OUT_05326,0.0
OUT_05327,0.0
OUT_05328,500.0
OUT_05329,600.0
OUT_05330,200.0
OUT_05331,0.0
OUT_05332,500.0
OUT_05333,2100.0
OUT_05334,200.0
OUT_05335,300.0
OUT_05336,200.0
OUT_05337,300.0
OUT_05338,200.0
OUT_05339,100.0
OUT_05340,600.0
OUT_05341,100.0
OUT_05342,400.0
OUT_05343,300.0
OUT_05344,300.0
OUT_05345,300.0
OUT_05346,200.0
OUT_05347,300.0
OUT_05348,200.0
OUT_05349,700.0
OUT_05350,300.0
OUT_05351,2900.0
OUT_05352,200.0
OUT_05353,400.0
OUT_05354,400.0
OUT_05355,5000.0
OUT_05356,100.0
OUT_05357,500.0
OUT_05358,2500.0
OUT_05359,100.0
OUT_05360,200.0
OUT_05361,100.0
OUT_05362,400.0
OUT_05363,0.0
OUT_05364,400.0
OUT_05365,300.0
OUT_05366,4600.0
OUT_05367,400.0
OUT_05368,100.0
OUT_05369,400.0
OUT_05370,200.0
OUT_05371,0.0
OUT_05372,300.0
OUT_05373,400.0
OUT_05374,0.0
OUT_05375,800.0
OUT_05376,200.0
OUT_05377,600.0
OUT_05378,200.0
OUT_05379,400.0
OUT_05380,300.0
OUT_05381,200.0
OUT_05382,300.0
OUT_05383,200.0
OUT_05384,400.0
OUT_05385,400.0
OUT_05386,400.0
OUT_05387,5900.0
OUT_05388,0.0
OUT_05389,400.0
OUT_05390,300.0
OUT_05391,300.0
OUT_05392,300.0
OUT_05393,300.0
OUT_05394,200.0
OUT_05395,300.0
OUT_05396,600.0
OUT_05397,100.0
OUT_05398,400.0
OUT_05399,300.0
OUT_05400,300.0
OUT_05401,400.0
OUT_05402,300.0
OUT_05403,500.0
OUT_05404,400.0
OUT_05405,300.0
OUT_05406,200.0
OUT_05407,700.0
OUT_05408,200.0
OUT_05409,400.0
OUT_05410,300.0
OUT_05411,100.0
OUT_05412,2700.0
OUT_05413,300.0
OUT_05414,200.0
OUT_05415,300.0
OUT_05416,300.0
OUT_05417,300.0
OUT_05418,500.0
OUT_05419,300.0
OUT_05420,200.0
OUT_05421,100.0
OUT_05422,200.0
OUT_05423,300.0
OUT_05424,400.0
OUT_05425,400.0
OUT_05426,4400.0
OUT_05427,600.0
OUT_05428,500.0
OUT_05429,400.0
OUT_05430,5100.0
OUT_05431,300.0
OUT_05432,200.0
OUT_05433,100.0
OUT_05434,200.0
OUT_05435,200.0
OUT_05436,200.0
OUT_05437,100.0
OUT_05438,200.0
OUT_05439,300.0
OUT_05440,300.0
OUT_05441,100.0
OUT_05442,600.0
OUT_05443,100.0
OUT_05444,200.0
OUT_05445,400.0
OUT_05446,200.0
OUT_05447,300.0
OUT_05448,600.0
OUT_05449,200.0
OUT_05450,300.0
OUT_05451,300.0
OUT_05452,600.0
OUT_05453,4300.0
OUT_05454,300.0
OUT_05455,300.0
OUT_05456,400.0
OUT_05457,400.0
OUT_05458,200.0
OUT_05459,700.0
OUT_05460,200.0
OUT_05461,300.0
OUT_05462,200.0
OUT_05463,200.0
OUT_05464,100.0
OUT_05465,4600.0
OUT_05466,300.0
OUT_05467,300.0
OUT_05468,400.0
OUT_05469,100.0
OUT_05470,5200.0
OUT_05471,200.0
OUT_05472,200.0
OUT_05473,300.0
OUT_05474,100.0
OUT_05475,200.0
OUT_05476,200.0
OUT_05477,100.0
OUT_05478,500.0
OUT_05479,100.0
OUT_05480,100.0
OUT_05481,100.0
OUT_05482,600.0
OUT_05483,500.0
OUT_05484,200.0
OUT_05485,5900.0
OUT_05486,400.0
OUT_05487,300.0
OUT_05488,300.0
OUT_05489,400.0
OUT_05490,1900.0
OUT_05491,100.0
OUT_05492,300.0
OUT_05493,600.0
OUT_05494,400.0
OUT_05495,700.0
OUT_05496,200.0
OUT_05497,600.0
OUT_05498,100.0
OUT_05499,400.0
OUT_05500,200.0
OUT_05501,800.0
OUT_05502,300.0
OUT_05503,400.0
OUT_05504,300.0
OUT_05505,400.0
OUT_05506,200.0
OUT_05507,400.0
OUT_05508,700.0
OUT_05509,300.0
OUT_05510,100.0
OUT_05511,500.0
OUT_05512,200.0
OUT_05513,300.0
OUT_05514,700.0
OUT_05515,100.0
OUT_05516,300.0
OUT_05517,0.0
OUT_05518,200.0
OUT_05519,200.0
OUT_05520,300.0
OUT_05521,400.0
OUT_05522,300.0
OUT_05523,700.0
OUT_05524,200.0
OUT_05525,200.0
OUT_05526,100.0
OUT_05527,400.0
OUT_05528,300.0
OUT_05529,0.0
OUT_05530,400.0
OUT_05531,200.0
OUT_05532,300.0
OUT_05533,300.0
OUT_05534,200.0
OUT_05535,200.0
OUT_05536,200.0
OUT_05537,2900.0
OUT_05538,400.0
OUT_05539,400.0
OUT_05540,700.0
OUT_05541,200.0
OUT_05542,800.0
OUT_05543,2400.0
OUT_05544,200.0
OUT_05545,500.0
OUT_05546,200.0
OUT_05547,100.0
OUT_05548,0.0
OUT_05549,200.0
OUT_05550,100.0
OUT_05551,2000.0
OUT_05552,500.0
OUT_05553,400.0
OUT_05554,200.0
OUT_05555,400.0
OUT_05556,400.0
OUT_05557,100.0
OUT_05558,100.0
OUT_05559,200.0
OUT_05560,200.0
OUT_05561,200.0
OUT_05562,400.0
OUT_05563,300.0
OUT_05564,3800.0
OUT_05565,2400.0
OUT_05566,100.0
OUT_05567,100.0
OUT_05568,400.0
OUT_05569,500.0
OUT_05570,100.0
OUT_05571,700.0
OUT_05572,200.0
OUT_05573,400.0
OUT_05574,200.0
OUT_05575,800.0
OUT_05576,600.0
OUT_05577,2500.0
OUT_05578,4400.0
OUT_05579,300.0
OUT_05580,200.0
OUT_05581,100.0
OUT_05582,100.0
OUT_05583,100.0
OUT_05584,500.0
OUT_05585,400.0
OUT_05586,400.0
OUT_05587,300.0
OUT_05588,300.0
OUT_05589,300.0
OUT_05590,200.0
OUT_05591,400.0
OUT_05592,3500.0
OUT_05593,600.0
OUT_05594,200.0
OUT_05595,200.0
OUT_05596,100.0
OUT_05597,4400.0
OUT_05598,300.0
OUT_05599,200.0
OUT_05600,100.0
OUT_05601,100.0
OUT_05602,100.0
OUT_05603,300.0
OUT_05604,200.0
OUT_05605,400.0
OUT_05606,4400.0
OUT_05607,400.0
OUT_05608,100.0
OUT_05609,400.0
OUT_05610,200.0
OUT_05611,100.0
OUT_05612,200.0
OUT_05613,700.0
OUT_05614,200.0
OUT_05615,300.0
OUT_05616,400.0
OUT_05617,300.0
OUT_05618,300.0
OUT_05619,600.0
OUT_05620,600.0
OUT_05621,800.0
OUT_05622,200.0
OUT_05623,100.0
OUT_05624,100.0
OUT_05625,200.0
OUT_05626,600.0
OUT_05627,300.0
OUT_05628,300.0
OUT_05629,300.0
OUT_05630,300.0
OUT_05631,300.0
OUT_05632,200.0
OUT_05633,300.0
OUT_05634,400.0
OUT_05635,300.0
OUT_05636,0.0
OUT_05637,300.0
OUT_05638,500.0
OUT_05639,400.0
OUT_05640,500.0
OUT_05641,300.0
OUT_05642,300.0
OUT_05643,100.0
OUT_05644,400.0
OUT_05645,300.0
OUT_05646,100.0
OUT_05647,200.0
OUT_05648,100.0
OUT_05649,100.0
OUT_05650,100.0
OUT_05651,200.0
OUT_05652,400.0
OUT_05653,400.0
OUT_05654,200.0
OUT_05655,2800.0
OUT_05656,400.0
OUT_05657,700.0
OUT_05658,800.0
OUT_05659,300.0
OUT_05660,100.0
OUT_05661,400.0
OUT_05662,200.0
OUT_05663,100.0
OUT_05664,2600.0
OUT_05665,300.0
OUT_05666,300.0
OUT_05667,400.0
OUT_05668,300.0
OUT_05669,100.0
OUT_05670,400.0
OUT_05671,400.0
OUT_05672,300.0
OUT_05673,100.0
OUT_05674,200.0
OUT_05675,200.0
OUT_05676,300.0
OUT_05677,400.0
OUT_05678,100.0
OUT_05679,300.0
OUT_05680,400.0
OUT_05681,200.0
OUT_05682,1700.0
OUT_05683,100.0
OUT_05684,200.0
OUT_05685,400.0
OUT_05686,100.0
OUT_05687,400.0
OUT_05688,300.0
OUT_05689,400.0
OUT_05690,300.0
OUT_05691,500.0
OUT_05692,500.0
OUT_05693,400.0
OUT_05694,4700.0
OUT_05695,0.0
OUT_05696,400.0
OUT_05697,300.0
OUT_05698,300.0
OUT_05699,5000.0
OUT_05700,200.0
OUT_05701,200.0
OUT_05702,100.0
OUT_05703,600.0
OUT_05704,200.0
OUT_05705,100.0
OUT_05706,100.0
OUT_05707,200.0
OUT_05708,100.0
OUT_05709,200.0
OUT_05710,200.0
OUT_05711,1900.0
OUT_05712,200.0
OUT_05713,300.0
OUT_05714,200.0
OUT_05715,200.0
OUT_05716,2400.0
OUT_05717,300.0
OUT_05718,600.0
OUT_05719,300.0
OUT_05720,0.0
OUT_05721,300.0
OUT_05722,500.0
OUT_05723,200.0
OUT_05724,200.0
OUT_05725,300.0
OUT_05726,400.0
OUT_05727,5000.0
OUT_05728,200.0
OUT_05729,200.0
OUT_05730,0.0
OUT_05731,400.0
OUT_05732,600.0
OUT_05733,500.0
OUT_05734,300.0
OUT_05735,200.0
OUT_05736,200.0
OUT_05737,200.0
OUT_05738,200.0
OUT_05739,300.0
OUT_05740,500.0
OUT_05741,100.0
OUT_05742,300.0
OUT_05743,4300.0
OUT_05744,200.0
OUT_05745,300.0
OUT_05746,200.0
OUT_05747,200.0
OUT_05748,100.0
OUT_05749,400.0
OUT_05750,200.0
OUT_05751,100.0
OUT_05752,300.0
OUT_05753,200.0
OUT_05754,200.0
OUT_05755,300.0
OUT_05756,300.0
OUT_05757,5000.0
OUT_05758,200.0
OUT_05759,400.0
OUT_05760,400.0
OUT_05761,200.0
OUT_05762,300.0
OUT_05763,100.0
OUT_05764,300.0
OUT_05765,300.0
OUT_05766,100.0
OUT_05767,200.0
OUT_05768,300.0
OUT_05769,300.0
OUT_05770,200.0
OUT_05771,400.0
OUT_05772,300.0
OUT_05773,300.0
OUT_05774,200.0
OUT_05775,0.0
OUT_05776,5400.0
OUT_05777,500.0
OUT_05778,500.0
OUT_05779,300.0
OUT_05780,200.0
OUT_05781,400.0
OUT_05782,400.0
OUT_05783,300.0
OUT_05784,100.0
OUT_05785,200.0
OUT_05786,800.0
OUT_05787,400.0
OUT_05788,100.0
OUT_05789,300.0
OUT_05790,100.0
OUT_05791,200.0
OUT_05792,400.0
OUT_05793,200.0
OUT_05794,200.0
OUT_05795,300.0
OUT_05796,400.0
OUT_05797,400.0
OUT_05798,300.0
OUT_05799,400.0
OUT_05800,200.0
OUT_05801,400.0
OUT_05802,300.0
OUT_05803,2000.0
OUT_05804,800.0
OUT_05805,200.0
OUT_05806,400.0
OUT_05807,200.0
OUT_05808,200.0
OUT_05809,200.0
OUT_05810,300.0
OUT_05811,200.0
OUT_05812,100.0
OUT_05813,2100.0
OUT_05814,500.0
OUT_05815,200.0
OUT_05816,300.0
OUT_05817,100.0
OUT_05818,400.0
OUT_05819,100.0
OUT_05820,300.0
OUT_05821,100.0
OUT_05822,200.0
OUT_05823,200.0
OUT_05824,800.0
OUT_05825,4400.0
OUT_05826,100.0
OUT_05827,300.0
OUT_05828,200.0
OUT_05829,200.0
OUT_05830,300.0
OUT_05831,200.0
OUT_05832,200.0
OUT_05833,400.0
OUT_05834,200.0
OUT_05835,100.0
OUT_05836,200.0
OUT_05837,200.0
OUT_05838,4600.0
OUT_05839,100.0
OUT_05840,400.0
OUT_05841,400.0
OUT_05842,100.0
OUT_05843,700.0
OUT_05844,200.0
OUT_05845,300.0
OUT_05846,2600.0
OUT_05847,700.0
OUT_05848,300.0
OUT_05849,2700.0
OUT_05850,300.0
OUT_05851,200.0
OUT_05852,400.0
OUT_05853,0.0
OUT_05854,800.0
OUT_05855,200.0
OUT_05856,500.0
OUT_05857,300.0
OUT_05858,400.0
OUT_05859,200.0
OUT_05860,200.0
OUT_05861,100.0
OUT_05862,200.0
OUT_05863,0.0
OUT_05864,100.0
OUT_05865,0.0
OUT_05866,100.0
OUT_05867,300.0
OUT_05868,300.0
OUT_05869,0.0
OUT_05870,500.0
OUT_05871,400.0
OUT_05872,200.0
OUT_05873,400.0
OUT_05874,200.0
OUT_05875,200.0
OUT_05876,200.0
OUT_05877,300.0
OUT_05878,100.0
OUT_05879,600.0
OUT_05880,100.0
OUT_05881,100.0
OUT_05882,500.0
OUT_05883,400.0
OUT_05884,400.0
OUT_05885,200.0
OUT_05886,300.0
OUT_05887,300.0
OUT_05888,300.0
OUT_05889,200.0
OUT_05890,900.0
OUT_05891,300.0
OUT_05892,500.0
OUT_05893,300.0
OUT_05894,1800.0
OUT_05895,400.0
OUT_05896,200.0
OUT_05897,300.0
OUT_05898,0.0
OUT_05899,500.0
OUT_05900,200.0
OUT_05901,0.0
OUT_05902,300.0
OUT_05903,5000.0
OUT_05904,100.0
OUT_05905,200.0
OUT_05906,300.0
OUT_05907,400.0
OUT_05908,0.0
OUT_05909,2200.0
OUT_05910,300.0
OUT_05911,300.0
OUT_05912,200.0
OUT_05913,200.0
OUT_05914,100.0
OUT_05915,100.0
OUT_05916,300.0
OUT_05917,200.0
OUT_05918,200.0
OUT_05919,200.0
OUT_05920,100.0
OUT_05921,400.0
OUT_05922,400.0
OUT_05923,400.0
OUT_05924,200.0
OUT_05925,300.0
OUT_05926,0.0
OUT_05927,4500.0
OUT_05928,200.0
OUT_05929,400.0
OUT_05930,200.0
OUT_05931,0.0
OUT_05932,300.0
OUT_05933,500.0
OUT_05934,400.0
OUT_05935,400.0
OUT_05936,4600.0
OUT_05937,400.0
OUT_05938,5900.0
OUT_05939,300.0
OUT_05940,4600.0
OUT_05941,100.0
OUT_05942,0.0
OUT_05943,500.0
OUT_05944,300.0
OUT_05945,0.0
OUT_05946,300.0
OUT_05947,4800.0
OUT_05948,2400.0
OUT_05949,200.0
OUT_05950,100.0
OUT_05951,100.0
OUT_05952,200.0
OUT_05953,200.0
OUT_05954,100.0
OUT_05955,200.0
OUT_05956,700.0
OUT_05957,100.0
OUT_05958,200.0
OUT_05959,200.0
OUT_05960,500.0
OUT_05961,100.0
OUT_05962,500.0
OUT_05963,100.0
OUT_05964,300.0
OUT_05965,200.0
OUT_05966,400.0
OUT_05967,200.0
OUT_05968,400.0
OUT_05969,200.0
OUT_05970,200.0
OUT_05971,300.0
OUT_05972,300.0
OUT_05973,400.0
OUT_05974,400.0
OUT_05975,500.0
OUT_05976,200.0
OUT_05977,100.0
OUT_05978,200.0
OUT_05979,300.0
OUT_05980,100.0
OUT_05981,4300.0
OUT_05982,500.0
OUT_05983,400.0
OUT_05984,500.0
OUT_05985,200.0
OUT_05986,200.0
OUT_05987,200.0
OUT_05988,300.0
OUT_05989,200.0
OUT_05990,300.0
OUT_05991,200.0
OUT_05992,2400.0
OUT_05993,400.0
OUT_05994,200.0
OUT_05995,200.0
OUT_05996,200.0
OUT_05997,200.0
OUT_05998,400.0
OUT_05999,300.0
OUT_06000,400.0
OUT_06001,100.0
OUT_06002,300.0
OUT_06003,200.0
OUT_06004,200.0
OUT_06005,300.0
OUT_06006,200.0
OUT_06007,200.0
OUT_06008,200.0
OUT_06009,300.0
OUT_06010,400.0
OUT_06011,100.0
OUT_06012,2100.0
OUT_06013,800.0
OUT_06014,400.0
OUT_06015,100.0
OUT_06016,500.0
OUT_06017,300.0
OUT_06018,200.0
OUT_06019,300.0
OUT_06020,300.0
OUT_06021,200.0
OUT_06022,400.0
OUT_06023,4000.0
OUT_06024,200.0
OUT_06025,300.0
OUT_06026,600.0
OUT_06027,400.0
OUT_06028,100.0
OUT_06029,100.0
OUT_06030,4300.0
OUT_06031,100.0
OUT_06032,800.0
OUT_06033,5800.0
OUT_06034,300.0
OUT_06035,300.0
OUT_06036,100.0
OUT_06037,200.0
OUT_06038,300.0
OUT_06039,200.0
OUT_06040,200.0
OUT_06041,600.0
OUT_06042,400.0
OUT_06043,300.0
OUT_06044,4500.0
OUT_06045,200.0
OUT_06046,200.0
OUT_06047,700.0
OUT_06048,200.0
OUT_06049,900.0
OUT_06050,500.0
OUT_06051,200.0
OUT_06052,300.0
OUT_06053,300.0
OUT_06054,200.0
OUT_06055,400.0
OUT_06056,100.0
OUT_06057,300.0
OUT_06058,200.0
OUT_06059,300.0
OUT_06060,200.0
OUT_06061,300.0
OUT_06062,600.0
OUT_06063,400.0
OUT_06064,300.0
OUT_06065,300.0
OUT_06066,100.0
OUT_06067,400.0
OUT_06068,100.0
OUT_06069,300.0
OUT_06070,200.0
OUT_06071,100.0
OUT_06072,700.0
OUT_06073,200.0
OUT_06074,0.0
OUT_06075,200.0
OUT_06076,300.0
OUT_06077,100.0
OUT_06078,300.0
OUT_06079,300.0
OUT_06080,200.0
OUT_06081,4700.0
OUT_06082,3300.0
OUT_06083,4300.0
OUT_06084,100.0
OUT_06085,200.0
OUT_06086,500.0
OUT_06087,400.0
OUT_06088,2400.0
OUT_06089,200.0
OUT_06090,300.0
OUT_06091,200.0
OUT_06092,400.0
OUT_06093,5300.0
OUT_06094,400.0
OUT_06095,400.0
OUT_06096,600.0
OUT_06097,600.0
OUT_06098,400.0
OUT_06099,300.0
OUT_06100,900.0
OUT_06101,400.0
OUT_06102,300.0
OUT_06103,700.0
OUT_06104,300.0
OUT_06105,200.0
OUT_06106,200.0
OUT_06107,500.0
OUT_06108,100.0
OUT_06109,1900.0
OUT_06110,200.0
OUT_06111,200.0
OUT_06112,400.0
OUT_06113,200.0
OUT_06114,300.0
OUT_06115,300.0
OUT_06116,200.0
OUT_06117,300.0
OUT_06118,300.0
OUT_06119,6000.0
OUT_06120,300.0
OUT_06121,100.0
OUT_06122,300.0
OUT_06123,200.0
OUT_06124,400.0
OUT_06125,200.0
OUT_06126,400.0
OUT_06127,300.0
OUT_06128,300.0
OUT_06129,300.0
OUT_06130,500.0
OUT_06131,400.0
OUT_06132,200.0
OUT_06133,100.0
OUT_06134,200.0
OUT_06135,2500.0
OUT_06136,500.0
OUT_06137,300.0
OUT_06138,100.0
OUT_06139,100.0
OUT_06140,300.0
OUT_06141,100.0
OUT_06142,700.0
OUT_06143,300.0
OUT_06144,300.0
OUT_06145,400.0
OUT_06146,100.0
OUT_06147,200.0
OUT_06148,300.0
OUT_06149,400.0
OUT_06150,400.0
OUT_06151,4500.0
OUT_06152,200.0
OUT_06153,100.0
OUT_06154,400.0
OUT_06155,500.0
OUT_06156,200.0
OUT_06157,600.0
OUT_06158,400.0
OUT_06159,4800.0
OUT_06160,200.0
OUT_06161,300.0
OUT_06162,200.0
OUT_06163,300.0
OUT_06164,200.0
OUT_06165,600.0
OUT_06166,200.0
OUT_06167,400.0
OUT_06168,400.0
OUT_06169,100.0
OUT_06170,600.0
OUT_06171,0.0
OUT_06172,4300.0
OUT_06173,300.0
OUT_06174,400.0
OUT_06175,400.0
OUT_06176,400.0
OUT_06177,200.0
OUT_06178,200.0
OUT_06179,300.0
OUT_06180,200.0
OUT_06181,300.0
OUT_06182,300.0
OUT_06183,100.0
OUT_06184,300.0
OUT_06185,200.0
OUT_06186,900.0
OUT_06187,400.0
OUT_06188,200.0
OUT_06189,4100.0
OUT_06190,100.0
OUT_06191,200.0
OUT_06192,300.0
OUT_06193,200.0
OUT_06194,400.0
OUT_06195,100.0
OUT_06196,100.0
OUT_06197,400.0
OUT_06198,100.0
OUT_06199,400.0
OUT_06200,300.0
OUT_06201,200.0
OUT_06202,400.0
OUT_06203,900.0
OUT_06204,200.0
OUT_06205,4400.0
OUT_06206,200.0
OUT_06207,100.0
OUT_06208,200.0
OUT_06209,300.0
OUT_06210,5000.0
OUT_06211,400.0
OUT_06212,300.0
OUT_06213,100.0
OUT_06214,200.0
OUT_06215,600.0
OUT_06216,0.0
OUT_06217,200.0
OUT_06218,300.0
OUT_06219,400.0
OUT_06220,100.0
OUT_06221,100.0
OUT_06222,100.0
OUT_06223,200.0
OUT_06224,300.0
OUT_06225,300.0
OUT_06226,300.0
OUT_06227,300.0
OUT_06228,700.0
OUT_06229,200.0
OUT_06230,100.0
OUT_06231,100.0
OUT_06232,500.0
OUT_06233,200.0
OUT_06234,400.0
OUT_06235,0.0
OUT_06236,400.0
OUT_06237,500.0
OUT_06238,200.0
OUT_06239,100.0
OUT_06240,100.0
OUT_06241,400.0
OUT_06242,700.0
OUT_06243,100.0
OUT_06244,200.0
OUT_06245,200.0
OUT_06246,600.0
OUT_06247,200.0
OUT_06248,200.0
OUT_06249,200.0
OUT_06250,300.0
OUT_06251,200.0
OUT_06252,400.0
OUT_06253,100.0
OUT_06254,100.0
OUT_06255,600.0
OUT_06256,400.0
OUT_06257,600.0
OUT_06258,200.0
OUT_06259,300.0
OUT_06260,400.0
OUT_06261,400.0
OUT_06262,400.0
OUT_06263,300.0
OUT_06264,4300.0
OUT_06265,300.0
OUT_06266,200.0
OUT_06267,0.0
OUT_06268,300.0
OUT_06269,200.0
OUT_06270,100.0
OUT_06271,900.0
OUT_06272,300.0
OUT_06273,200.0
OUT_06274,100.0
OUT_06275,300.0
OUT_06276,400.0
OUT_06277,200.0
OUT_06278,4600.0
OUT_06279,2200.0
OUT_06280,300.0
OUT_06281,300.0
OUT_06282,300.0
OUT_06283,200.0
OUT_06284,800.0
OUT_06285,400.0
OUT_06286,100.0
OUT_06287,100.0
OUT_06288,200.0
OUT_06289,1700.0
OUT_06290,0.0
OUT_06291,300.0
OUT_06292,200.0
OUT_06293,300.0
OUT_06294,0.0
OUT_06295,200.0
OUT_06296,200.0
OUT_06297,300.0
OUT_06298,200.0
OUT_06299,300.0
OUT_06300,200.0
OUT_06301,200.0
OUT_06302,0.0
OUT_06303,100.0
OUT_06304,4500.0
OUT_06305,300.0
OUT_06306,300.0
OUT_06307,100.0
OUT_06308,300.0
OUT_06309,200.0
OUT_06310,200.0
OUT_06311,200.0
OUT_06312,200.0
OUT_06313,200.0
OUT_06314,200.0
OUT_06315,500.0
OUT_06316,300.0
OUT_06317,400.0
OUT_06318,200.0
OUT_06319,400.0
OUT_06320,200.0
OUT_06321,4800.0
OUT_06322,100.0
OUT_06323,400.0
OUT_06324,100.0
OUT_06325,200.0
OUT_06326,300.0
OUT_06327,600.0
OUT_06328,300.0
OUT_06329,300.0
OUT_06330,300.0
OUT_06331,400.0
OUT_06332,600.0
OUT_06333,100.0
OUT_06334,100.0
OUT_06335,100.0
OUT_06336,500.0
OUT_06337,200.0
OUT_06338,400.0
OUT_06339,400.0
OUT_06340,500.0
OUT_06341,400.0
OUT_06342,200.0
OUT_06343,200.0
OUT_06344,400.0
OUT_06345,0.0
OUT_06346,200.0
OUT_06347,200.0
OUT_06348,300.0
OUT_06349,300.0
OUT_06350,300.0
OUT_06351,600.0
OUT_06352,100.0
OUT_06353,300.0
OUT_06354,100.0
OUT_06355,300.0
OUT_06356,4600.0
OUT_06357,300.0
OUT_06358,4800.0
OUT_06359,400.0
OUT_06360,200.0
OUT_06361,3400.0
OUT_06362,0.0
OUT_06363,200.0
OUT_06364,200.0
OUT_06365,300.0
OUT_06366,200.0
OUT_06367,600.0
OUT_06368,300.0
OUT_06369,300.0
OUT_06370,700.0
OUT_06371,300.0
OUT_06372,400.0
OUT_06373,3900.0
OUT_06374,300.0
OUT_06375,600.0
OUT_06376,300.0
OUT_06377,200.0
OUT_06378,200.0
OUT_06379,400.0
OUT_06380,300.0
OUT_06381,4300.0
OUT_06382,200.0
OUT_06383,200.0
OUT_06384,300.0
OUT_06385,200.0
OUT_06386,600.0
OUT_06387,4000.0
OUT_06388,200.0
OUT_06389,200.0
OUT_06390,500.0
OUT_06391,400.0
OUT_06392,3900.0
OUT_06393,100.0
OUT_06394,0.0
OUT_06395,300.0
OUT_06396,200.0
OUT_06397,300.0
OUT_06398,100.0
OUT_06399,300.0
OUT_06400,200.0
OUT_06401,200.0
OUT_06402,400.0
OUT_06403,800.0
OUT_06404,500.0
OUT_06405,500.0
OUT_06406,500.0
OUT_06407,200.0
OUT_06408,300.0
OUT_06409,400.0
OUT_06410,4700.0
OUT_06411,400.0
OUT_06412,400.0
OUT_06413,300.0
OUT_06414,4300.0
OUT_06415,100.0
OUT_06416,300.0
OUT_06417,4500.0
OUT_06418,400.0
OUT_06419,200.0
OUT_06420,4500.0
OUT_06421,0.0
OUT_06422,100.0
OUT_06423,200.0
OUT_06424,300.0
OUT_06425,100.0
OUT_06426,400.0
OUT_06427,2000.0
OUT_06428,200.0
OUT_06429,200.0
OUT_06430,300.0
OUT_06431,300.0
OUT_06432,500.0
OUT_06433,300.0
OUT_06434,300.0
OUT_06435,0.0
OUT_06436,700.0
OUT_06437,100.0
OUT_06438,300.0
OUT_06439,4900.0
OUT_06440,200.0
OUT_06441,500.0
OUT_06442,400.0
OUT_06443,300.0
OUT_06444,100.0
OUT_06445,100.0
OUT_06446,300.0
OUT_06447,100.0
OUT_06448,200.0
OUT_06449,300.0
OUT_06450,400.0
OUT_06451,300.0
OUT_06452,100.0
OUT_06453,100.0
OUT_06454,300.0
OUT_06455,200.0
OUT_06456,200.0
OUT_06457,300.0
OUT_06458,200.0
OUT_06459,100.0
OUT_06460,200.0
OUT_06461,200.0
OUT_06462,600.0
OUT_06463,200.0
OUT_06464,200.0
OUT_06465,400.0
OUT_06466,700.0
OUT_06467,300.0
OUT_06468,100.0
OUT_06469,200.0
OUT_06470,400.0
OUT_06471,300.0
OUT_06472,2600.0
OUT_06473,300.0
OUT_06474,400.0
OUT_06475,400.0
OUT_06476,200.0
OUT_06477,0.0
OUT_06478,400.0
OUT_06479,400.0
OUT_06480,200.0
OUT_06481,400.0
OUT_06482,200.0
OUT_06483,400.0
OUT_06484,200.0
OUT_06485,400.0
OUT_06486,300.0
OUT_06487,200.0
OUT_06488,400.0
OUT_06489,400.0
OUT_06490,700.0
OUT_06491,200.0
OUT_06492,400.0
OUT_06493,400.0
OUT_06494,200.0
OUT_06495,200.0
OUT_06496,200.0
OUT_06497,200.0
OUT_06498,200.0
OUT_06499,4000.0
OUT_06500,100.0
OUT_06501,800.0
OUT_06502,500.0
OUT_06503,100.0
OUT_06504,200.0
OUT_06505,300.0
OUT_06506,200.0
OUT_06507,700.0
OUT_06508,200.0
OUT_06509,500.0
OUT_06510,200.0
OUT_06511,200.0
OUT_06512,200.0
OUT_06513,100.0
OUT_06514,400.0
OUT_06515,300.0
OUT_06516,100.0
OUT_06517,300.0
OUT_06518,500.0
OUT_06519,500.0
OUT_06520,400.0
OUT_06521,300.0
OUT_06522,300.0
OUT_06523,500.0
OUT_06524,200.0
OUT_06525,300.0
OUT_06526,300.0
OUT_06527,100.0
OUT_06528,400.0
OUT_06529,700.0
OUT_06530,200.0
OUT_06531,300.0
OUT_06532,200.0
OUT_06533,100.0
OUT_06534,400.0
OUT_06535,2200.0
OUT_06536,400.0
OUT_06537,100.0
OUT_06538,700.0
OUT_06539,100.0
OUT_06540,700.0
OUT_06541,200.0
OUT_06542,100.0
OUT_06543,400.0
OUT_06544,0.0
OUT_06545,500.0
OUT_06546,100.0
OUT_06547,200.0
OUT_06548,100.0
OUT_06549,100.0
OUT_06550,100.0
OUT_06551,500.0
OUT_06552,500.0
OUT_06553,200.0
OUT_06554,300.0
OUT_06555,300.0
OUT_06556,4800.0
OUT_06557,500.0
OUT_06558,300.0
OUT_06559,600.0
OUT_06560,300.0
OUT_06561,400.0
OUT_06562,200.0
OUT_06563,400.0
OUT_06564,200.0
OUT_06565,500.0
OUT_06566,100.0
OUT_06567,100.0
OUT_06568,400.0
OUT_06569,200.0
OUT_06570,400.0
OUT_06571,400.0
OUT_06572,200.0
OUT_06573,300.0
OUT_06574,1000.0
OUT_06575,300.0
OUT_06576,200.0
OUT_06577,200.0
OUT_06578,300.0
OUT_06579,600.0
OUT_06580,200.0
OUT_06581,200.0
OUT_06582,200.0
OUT_06583,400.0
OUT_06584,100.0
OUT_06585,300.0
OUT_06586,200.0
OUT_06587,500.0
OUT_06588,100.0
OUT_06589,4500.0
OUT_06590,2600.0
OUT_06591,200.0
OUT_06592,200.0
OUT_06593,400.0
OUT_06594,300.0
OUT_06595,100.0
OUT_06596,300.0
OUT_06597,200.0
OUT_06598,300.0
OUT_06599,300.0
OUT_06600,300.0
OUT_06601,100.0
OUT_06602,300.0
OUT_06603,300.0
OUT_06604,200.0
OUT_06605,200.0
OUT_06606,200.0
OUT_06607,200.0
OUT_06608,2400.0
OUT_06609,300.0
OUT_06610,200.0
OUT_06611,400.0
OUT_06612,500.0
OUT_06613,800.0
OUT_06614,100.0
OUT_06615,800.0
OUT_06616,300.0
OUT_06617,400.0
OUT_06618,200.0
OUT_06619,400.0
OUT_06620,100.0
OUT_06621,200.0
OUT_06622,200.0
OUT_06623,300.0
OUT_06624,300.0
OUT_06625,5200.0
OUT_06626,300.0
OUT_06627,300.0
OUT_06628,300.0
OUT_06629,700.0
OUT_06630,200.0
OUT_06631,500.0
OUT_06632,200.0
OUT_06633,300.0
OUT_06634,200.0
OUT_06635,400.0
OUT_06636,200.0
OUT_06637,500.0
OUT_06638,200.0
OUT_06639,0.0
OUT_06640,200.0
OUT_06641,400.0
OUT_06642,300.0
OUT_06643,300.0
OUT_06644,0.0
OUT_06645,700.0
OUT_06646,300.0
OUT_06647,400.0
OUT_06648,400.0
OUT_06649,200.0
OUT_06650,100.0
OUT_06651,300.0
OUT_06652,100.0
OUT_06653,400.0
OUT_06654,400.0
OUT_06655,800.0
OUT_06656,300.0
OUT_06657,400.0
OUT_06658,5500.0
OUT_06659,200.0
OUT_06660,4800.0
OUT_06661,200.0
OUT_06662,300.0
OUT_06663,3700.0
OUT_06664,500.0
OUT_06665,300.0
OUT_06666,300.0
OUT_06667,200.0
OUT_06668,400.0
OUT_06669,400.0
OUT_06670,400.0
OUT_06671,200.0
OUT_06672,200.0
OUT_06673,200.0
OUT_06674,400.0
OUT_06675,0.0
OUT_06676,200.0
OUT_06677,400.0
OUT_06678,400.0
OUT_06679,200.0
OUT_06680,300.0
OUT_06681,300.0
OUT_06682,2400.0
OUT_06683,100.0
OUT_06684,300.0
OUT_06685,300.0
OUT_06686,400.0
OUT_06687,200.0
OUT_06688,300.0
OUT_06689,300.0
OUT_06690,600.0
OUT_06691,0.0
OUT_06692,300.0
OUT_06693,400.0
OUT_06694,500.0
OUT_06695,300.0
OUT_06696,500.0
OUT_06697,0.0
OUT_06698,600.0
OUT_06699,4700.0
OUT_06700,100.0
OUT_06701,400.0
OUT_06702,300.0
OUT_06703,300.0
OUT_06704,500.0
OUT_06705,100.0
OUT_06706,400.0
OUT_06707,300.0
OUT_06708,200.0
OUT_06709,100.0
OUT_06710,300.0
OUT_06711,600.0
OUT_06712,200.0
OUT_06713,100.0
OUT_06714,100.0
OUT_06715,300.0
OUT_06716,300.0
OUT_06717,300.0
OUT_06718,600.0
OUT_06719,200.0
OUT_06720,700.0
OUT_06721,300.0
OUT_06722,200.0
OUT_06723,200.0
OUT_06724,800.0
OUT_06725,700.0
OUT_06726,300.0
OUT_06727,300.0
OUT_06728,100.0
OUT_06729,200.0
OUT_06730,400.0
OUT_06731,400.0
OUT_06732,100.0
OUT_06733,4300.0
OUT_06734,200.0
OUT_06735,100.0
OUT_06736,600.0
OUT_06737,200.0
OUT_06738,400.0
OUT_06739,300.0
OUT_06740,100.0
OUT_06741,300.0
OUT_06742,200.0
OUT_06743,100.0
OUT_06744,500.0
OUT_06745,400.0
OUT_06746,300.0
OUT_06747,600.0
OUT_06748,400.0
OUT_06749,300.0
OUT_06750,100.0
OUT_06751,400.0
OUT_06752,200.0
OUT_06753,500.0
OUT_06754,100.0
OUT_06755,100.0
OUT_06756,100.0
OUT_06757,200.0
OUT_06758,500.0
OUT_06759,100.0
OUT_06760,600.0
OUT_06761,200.0
OUT_06762,200.0
OUT_06763,2300.0
OUT_06764,600.0
OUT_06765,200.0
OUT_06766,300.0
OUT_06767,300.0
OUT_06768,400.0
OUT_06769,200.0
OUT_06770,400.0
OUT_06771,200.0
OUT_06772,400.0
OUT_06773,400.0
OUT_06774,200.0
OUT_06775,200.0
OUT_06776,200.0
OUT_06777,600.0
OUT_06778,200.0
OUT_06779,200.0
OUT_06780,100.0
OUT_06781,200.0
OUT_06782,200.0
OUT_06783,300.0
OUT_06784,300.0
OUT_06785,300.0
OUT_06786,200.0
OUT_06787,200.0
OUT_06788,400.0
OUT_06789,200.0
OUT_06790,400.0
OUT_06791,400.0
OUT_06792,300.0
OUT_06793,300.0
OUT_06794,100.0
OUT_06795,300.0
OUT_06796,100.0
OUT_06797,3000.0
OUT_06798,1000.0
OUT_06799,300.0
OUT_06800,300.0
OUT_06801,100.0
OUT_06802,400.0
OUT_06803,200.0
OUT_06804,100.0
OUT_06805,300.0
OUT_06806,400.0
OUT_06807,100.0
OUT_06808,400.0
OUT_06809,400.0
OUT_06810,4900.0
OUT_06811,0.0
OUT_06812,100.0
OUT_06813,400.0
OUT_06814,400.0
OUT_06815,600.0
OUT_06816,400.0
OUT_06817,700.0
OUT_06818,4400.0
OUT_06819,400.0
OUT_06820,100.0
OUT_06821,300.0
OUT_06822,100.0
OUT_06823,300.0
OUT_06824,100.0
OUT_06825,400.0
OUT_06826,300.0
OUT_06827,400.0
OUT_06828,100.0
OUT_06829,100.0
OUT_06830,500.0
OUT_06831,200.0
OUT_06832,300.0
OUT_06833,200.0
OUT_06834,300.0
OUT_06835,300.0
OUT_06836,300.0
OUT_06837,400.0
OUT_06838,200.0
OUT_06839,600.0
OUT_06840,200.0
OUT_06841,300.0
OUT_06842,0.0
OUT_06843,400.0
OUT_06844,300.0
OUT_06845,200.0
OUT_06846,400.0
OUT_06847,300.0
OUT_06848,200.0
OUT_06849,300.0
OUT_06850,300.0
OUT_06851,300.0
OUT_06852,100.0
OUT_06853,400.0
OUT_06854,200.0
OUT_06855,400.0
OUT_06856,300.0
OUT_06857,200.0
OUT_06858,400.0
OUT_06859,200.0
OUT_06860,600.0
OUT_06861,100.0
OUT_06862,300.0
OUT_06863,600.0
OUT_06864,300.0
OUT_06865,200.0
OUT_06866,200.0
OUT_06867,500.0
OUT_06868,100.0
OUT_06869,200.0
OUT_06870,100.0
OUT_06871,200.0
OUT_06872,400.0
OUT_06873,400.0
OUT_06874,200.0
OUT_06875,100.0
OUT_06876,200.0
OUT_06877,200.0
OUT_06878,200.0
OUT_06879,700.0
OUT_06880,2000.0
OUT_06881,600.0
OUT_06882,1900.0
OUT_06883,300.0
OUT_06884,300.0
OUT_06885,300.0
OUT_06886,300.0
OUT_06887,200.0
OUT_06888,400.0
OUT_06889,100.0
OUT_06890,200.0
OUT_06891,200.0
OUT_06892,200.0
OUT_06893,300.0
OUT_06894,300.0
OUT_06895,100.0
OUT_06896,200.0
OUT_06897,300.0
OUT_06898,200.0
OUT_06899,200.0
OUT_06900,400.0
OUT_06901,300.0
OUT_06902,300.0
OUT_06903,300.0
OUT_06904,500.0
OUT_06905,300.0
OUT_06906,600.0
OUT_06907,300.0
OUT_06908,300.0
OUT_06909,200.0
OUT_06910,300.0
OUT_06911,300.0
OUT_06912,300.0
OUT_06913,300.0
OUT_06914,300.0
OUT_06915,600.0
OUT_06916,300.0
OUT_06917,400.0
OUT_06918,300.0
OUT_06919,200.0
OUT_06920,200.0
OUT_06921,100.0
OUT_06922,400.0
OUT_06923,200.0
OUT_06924,200.0
OUT_06925,300.0
OUT_06926,300.0
OUT_06927,100.0
OUT_06928,300.0
OUT_06929,200.0
OUT_06930,500.0
OUT_06931,300.0
OUT_06932,300.0
OUT_06933,300.0
OUT_06934,200.0
OUT_06935,200.0
OUT_06936,300.0
OUT_06937,100.0
OUT_06938,400.0
OUT_06939,300.0
OUT_06940,4400.0
OUT_06941,300.0
OUT_06942,200.0
OUT_06943,200.0
OUT_06944,400.0
OUT_06945,300.0
OUT_06946,100.0
OUT_06947,500.0
OUT_06948,400.0
OUT_06949,400.0
OUT_06950,100.0
OUT_06951,400.0
OUT_06952,500.0
OUT_06953,200.0
OUT_06954,200.0
OUT_06955,200.0
OUT_06956,300.0
OUT_06957,300.0
OUT_06958,200.0
OUT_06959,0.0
OUT_06960,200.0
OUT_06961,300.0
OUT_06962,300.0
OUT_06963,300.0
OUT_06964,200.0
OUT_06965,100.0
OUT_06966,100.0
OUT_06967,300.0
OUT_06968,200.0
OUT_06969,200.0
OUT_06970,100.0
OUT_06971,300.0
OUT_06972,100.0
OUT_06973,400.0
OUT_06974,400.0
OUT_06975,400.0
OUT_06976,700.0
OUT_06977,200.0
OUT_06978,100.0
OUT_06979,100.0
OUT_06980,200.0
OUT_06981,4600.0
OUT_06982,100.0
OUT_06983,100.0
OUT_06984,400.0
OUT_06985,4700.0
OUT_06986,400.0
OUT_06987,300.0
OUT_06988,300.0
OUT_06989,400.0
OUT_06990,2500.0
OUT_06991,100.0
OUT_06992,300.0
OUT_06993,200.0
OUT_06994,100.0
OUT_06995,300.0
OUT_06996,600.0
OUT_06997,200.0
OUT_06998,400.0
OUT_06999,400.0
OUT_07000,500.0
OUT_07001,300.0
OUT_07002,600.0
OUT_07003,300.0
OUT_07004,100.0
OUT_07005,200.0
OUT_07006,300.0
OUT_07007,200.0
OUT_07008,4400.0
OUT_07009,400.0
OUT_07010,200.0
OUT_07011,300.0
OUT_07012,600.0
OUT_07013,4800.0
OUT_07014,300.0
OUT_07015,300.0
OUT_07016,4300.0
OUT_07017,200.0
OUT_07018,400.0
OUT_07019,100.0
OUT_07020,700.0
OUT_07021,400.0
OUT_07022,100.0
OUT_07023,200.0
OUT_07024,300.0
OUT_07025,200.0
OUT_07026,4300.0
OUT_07027,4700.0
OUT_07028,400.0
OUT_07029,500.0
OUT_07030,100.0
OUT_07031,600.0
OUT_07032,400.0
OUT_07033,200.0
OUT_07034,200.0
OUT_07035,300.0
OUT_07036,200.0
OUT_07037,300.0
OUT_07038,200.0
OUT_07039,300.0
OUT_07040,400.0
OUT_07041,300.0
OUT_07042,200.0
OUT_07043,200.0
OUT_07044,300.0
OUT_07045,300.0
OUT_07046,300.0
OUT_07047,0.0
OUT_07048,500.0
OUT_07049,200.0
OUT_07050,300.0
OUT_07051,200.0
OUT_07052,200.0
OUT_07053,100.0
OUT_07054,300.0
OUT_07055,100.0
OUT_07056,700.0
OUT_07057,500.0
OUT_07058,300.0
OUT_07059,100.0
OUT_07060,100.0
OUT_07061,2400.0
OUT_07062,200.0
OUT_07063,300.0
OUT_07064,200.0
OUT_07065,500.0
OUT_07066,200.0
OUT_07067,500.0
OUT_07068,4700.0
OUT_07069,100.0
OUT_07070,400.0
OUT_07071,400.0
OUT_07072,100.0
OUT_07073,200.0
OUT_07074,100.0
OUT_07075,300.0
OUT_07076,300.0
OUT_07077,200.0
OUT_07078,400.0
OUT_07079,100.0
OUT_07080,4200.0
OUT_07081,300.0
OUT_07082,0.0
OUT_07083,300.0
OUT_07084,200.0
OUT_07085,200.0
OUT_07086,100.0
OUT_07087,0.0
OUT_07088,300.0
OUT_07089,4100.0
OUT_07090,300.0
OUT_07091,200.0
OUT_07092,100.0
OUT_07093,600.0
OUT_07094,200.0
OUT_07095,100.0
OUT_07096,200.0
OUT_07097,200.0
OUT_07098,200.0
OUT_07099,300.0
OUT_07100,300.0
OUT_07101,2900.0
OUT_07102,300.0
OUT_07103,200.0
OUT_07104,100.0
OUT_07105,200.0
OUT_07106,300.0
OUT_07107,200.0
OUT_07108,500.0
OUT_07109,200.0
OUT_07110,300.0
OUT_07111,200.0
OUT_07112,300.0
OUT_07113,300.0
OUT_07114,300.0
OUT_07115,300.0
OUT_07116,100.0
OUT_07117,400.0
OUT_07118,200.0
OUT_07119,200.0
OUT_07120,300.0
OUT_07121,600.0
OUT_07122,600.0
OUT_07123,100.0
OUT_07124,500.0
OUT_07125,400.0
OUT_07126,200.0
OUT_07127,300.0
OUT_07128,300.0
OUT_07129,500.0
OUT_07130,100.0
OUT_07131,100.0
OUT_07132,100.0
OUT_07133,100.0
OUT_07134,100.0
OUT_07135,3900.0
OUT_07136,300.0
OUT_07137,400.0
OUT_07138,700.0
OUT_07139,100.0
OUT_07140,200.0
OUT_07141,600.0
OUT_07142,400.0
OUT_07143,0.0
OUT_07144,600.0
OUT_07145,200.0
OUT_07146,400.0
OUT_07147,900.0
OUT_07148,500.0
OUT_07149,300.0
OUT_07150,500.0
OUT_07151,100.0
OUT_07152,300.0
OUT_07153,100.0
OUT_07154,200.0
OUT_07155,300.0
OUT_07156,600.0
OUT_07157,200.0
OUT_07158,400.0
OUT_07159,200.0
OUT_07160,200.0
OUT_07161,5000.0
OUT_07162,200.0
OUT_07163,200.0
OUT_07164,100.0
OUT_07165,200.0
OUT_07166,300.0
OUT_07167,400.0
OUT_07168,200.0
OUT_07169,300.0
OUT_07170,300.0
OUT_07171,200.0
OUT_07172,400.0
OUT_07173,300.0
OUT_07174,100.0
OUT_07175,400.0
OUT_07176,200.0
OUT_07177,4700.0
OUT_07178,300.0
OUT_07179,200.0
OUT_07180,100.0
OUT_07181,400.0
OUT_07182,300.0
OUT_07183,1900.0
OUT_07184,200.0
OUT_07185,100.0
OUT_07186,400.0
OUT_07187,500.0
OUT_07188,100.0
OUT_07189,300.0
OUT_07190,200.0
OUT_07191,200.0
OUT_07192,400.0
OUT_07193,200.0
OUT_07194,700.0
OUT_07195,800.0
OUT_07196,300.0
OUT_07197,200.0
OUT_07198,100.0
OUT_07199,200.0
OUT_07200,100.0
OUT_07201,300.0
OUT_07202,100.0
OUT_07203,300.0
OUT_07204,200.0
OUT_07205,300.0
OUT_07206,200.0
OUT_07207,300.0
OUT_07208,200.0
OUT_07209,300.0
OUT_07210,100.0
OUT_07211,100.0
OUT_07212,400.0
OUT_07213,0.0
OUT_07214,2700.0
OUT_07215,5200.0
OUT_07216,400.0
OUT_07217,200.0
OUT_07218,200.0
OUT_07219,600.0
OUT_07220,100.0
OUT_07221,100.0
OUT_07222,200.0
OUT_07223,300.0
OUT_07224,0.0
OUT_07225,4900.0
OUT_07226,100.0
OUT_07227,500.0
OUT_07228,400.0
OUT_07229,200.0
OUT_07230,100.0
OUT_07231,200.0
OUT_07232,400.0
OUT_07233,5100.0
OUT_07234,300.0
OUT_07235,300.0
OUT_07236,400.0
OUT_07237,200.0
OUT_07238,200.0
OUT_07239,300.0
OUT_07240,200.0
OUT_07241,400.0
OUT_07242,400.0
OUT_07243,400.0
OUT_07244,300.0
OUT_07245,300.0
OUT_07246,200.0
OUT_07247,400.0
OUT_07248,100.0
OUT_07249,300.0
OUT_07250,4200.0
OUT_07251,300.0
OUT_07252,300.0
OUT_07253,100.0
OUT_07254,100.0
OUT_07255,100.0
OUT_07256,400.0
OUT_07257,300.0
OUT_07258,900.0
OUT_07259,500.0
OUT_07260,400.0
OUT_07261,200.0
OUT_07262,400.0
OUT_07263,400.0
OUT_07264,300.0
OUT_07265,100.0
OUT_07266,500.0
OUT_07267,300.0
OUT_07268,200.0
OUT_07269,200.0
OUT_07270,0.0
OUT_07271,400.0
OUT_07272,200.0
OUT_07273,600.0
OUT_07274,600.0
OUT_07275,400.0
OUT_07276,5200.0
OUT_07277,200.0
OUT_07278,300.0
OUT_07279,400.0
OUT_07280,300.0
OUT_07281,700.0
OUT_07282,400.0
OUT_07283,200.0
OUT_07284,200.0
OUT_07285,4400.0
OUT_07286,300.0
OUT_07287,200.0
OUT_07288,100.0
OUT_07289,400.0
OUT_07290,0.0
OUT_07291,100.0
OUT_07292,200.0
OUT_07293,200.0
OUT_07294,200.0
OUT_07295,100.0
OUT_07296,200.0
OUT_07297,300.0
OUT_07298,900.0
OUT_07299,200.0
OUT_07300,400.0
OUT_07301,100.0
OUT_07302,500.0
OUT_07303,200.0
OUT_07304,300.0
OUT_07305,500.0
OUT_07306,0.0
OUT_07307,800.0
OUT_07308,200.0
OUT_07309,200.0
OUT_07310,300.0
OUT_07311,200.0
OUT_07312,400.0
OUT_07313,300.0
OUT_07314,600.0
OUT_07315,300.0
OUT_07316,4700.0
OUT_07317,2500.0
OUT_07318,200.0
OUT_07319,0.0
OUT_07320,100.0
OUT_07321,4700.0
OUT_07322,300.0
OUT_07323,100.0
OUT_07324,600.0
OUT_07325,100.0
OUT_07326,0.0
OUT_07327,500.0
OUT_07328,300.0
OUT_07329,300.0
OUT_07330,400.0
OUT_07331,2600.0
OUT_07332,100.0
OUT_07333,300.0
OUT_07334,300.0
OUT_07335,500.0
OUT_07336,400.0
OUT_07337,100.0
OUT_07338,300.0
OUT_07339,200.0
OUT_07340,400.0
OUT_07341,500.0
OUT_07342,200.0
OUT_07343,300.0
OUT_07344,100.0
OUT_07345,100.0
OUT_07346,100.0
OUT_07347,200.0
OUT_07348,200.0
OUT_07349,700.0
OUT_07350,400.0
OUT_07351,400.0
OUT_07352,300.0
OUT_07353,100.0
OUT_07354,600.0
OUT_07355,200.0
OUT_07356,200.0
OUT_07357,400.0
OUT_07358,200.0
OUT_07359,300.0
OUT_07360,300.0
OUT_07361,400.0
OUT_07362,300.0
OUT_07363,100.0
OUT_07364,300.0
OUT_07365,200.0
OUT_07366,200.0
OUT_07367,700.0
OUT_07368,500.0
OUT_07369,200.0
OUT_07370,400.0
OUT_07371,400.0
OUT_07372,200.0
OUT_07373,200.0
OUT_07374,700.0
OUT_07375,200.0
OUT_07376,300.0
OUT_07377,100.0
OUT_07378,2500.0
OUT_07379,200.0
OUT_07380,700.0
OUT_07381,200.0
OUT_07382,200.0
OUT_07383,300.0
OUT_07384,400.0
OUT_07385,200.0
OUT_07386,2300.0
OUT_07387,100.0
OUT_07388,4400.0
OUT_07389,100.0
OUT_07390,700.0
OUT_07391,4900.0
OUT_07392,300.0
OUT_07393,400.0
OUT_07394,100.0
OUT_07395,100.0
OUT_07396,300.0
OUT_07397,300.0
OUT_07398,200.0
OUT_07399,100.0
OUT_07400,400.0
OUT_07401,100.0
OUT_07402,300.0
OUT_07403,300.0
OUT_07404,100.0
OUT_07405,200.0
OUT_07406,200.0
OUT_07407,200.0
OUT_07408,5100.0
OUT_07409,200.0
OUT_07410,300.0
OUT_07411,200.0
OUT_07412,100.0
OUT_07413,400.0
OUT_07414,500.0
OUT_07415,300.0
OUT_07416,300.0
OUT_07417,4300.0
OUT_07418,600.0
OUT_07419,400.0
OUT_07420,400.0
OUT_07421,100.0
OUT_07422,600.0
OUT_07423,400.0
OUT_07424,200.0
OUT_07425,400.0
OUT_07426,300.0
OUT_07427,400.0
OUT_07428,200.0
OUT_07429,300.0
OUT_07430,200.0
OUT_07431,200.0
OUT_07432,300.0
OUT_07433,400.0
OUT_07434,200.0
OUT_07435,100.0
OUT_07436,200.0
OUT_07437,200.0
OUT_07438,100.0
OUT_07439,200.0
OUT_07440,400.0
OUT_07441,200.0
OUT_07442,200.0
OUT_07443,700.0
OUT_07444,200.0
OUT_07445,100.0
OUT_07446,200.0
OUT_07447,400.0
OUT_07448,300.0
OUT_07449,300.0
OUT_07450,400.0
OUT_07451,400.0
OUT_07452,300.0
OUT_07453,400.0
OUT_07454,200.0
OUT_07455,300.0
OUT_07456,700.0
OUT_07457,200.0
OUT_07458,400.0
OUT_07459,300.0
OUT_07460,100.0
OUT_07461,300.0
OUT_07462,300.0
OUT_07463,400.0
OUT_07464,300.0
OUT_07465,200.0
OUT_07466,400.0
OUT_07467,300.0
OUT_07468,300.0
OUT_07469,2000.0
OUT_07470,400.0
OUT_07471,500.0
OUT_07472,1800.0
OUT_07473,300.0
OUT_07474,4700.0
OUT_07475,200.0
OUT_07476,400.0
OUT_07477,0.0
OUT_07478,200.0
OUT_07479,400.0
OUT_07480,600.0
OUT_07481,300.0
OUT_07482,200.0
OUT_07483,600.0
OUT_07484,400.0
OUT_07485,400.0
OUT_07486,200.0
OUT_07487,100.0
OUT_07488,200.0
OUT_07489,100.0
OUT_07490,2100.0
OUT_07491,200.0
OUT_07492,4900.0
OUT_07493,400.0
OUT_07494,300.0
OUT_07495,300.0
OUT_07496,200.0
OUT_07497,300.0
OUT_07498,200.0
OUT_07499,200.0
OUT_07500,300.0
OUT_07501,300.0
OUT_07502,200.0
OUT_07503,200.0
OUT_07504,4200.0
OUT_07505,600.0
OUT_07506,200.0
OUT_07507,400.0
OUT_07508,300.0
OUT_07509,200.0
OUT_07510,200.0
OUT_07511,0.0
OUT_07512,300.0
OUT_07513,200.0
OUT_07514,100.0
OUT_07515,700.0
OUT_07516,200.0
OUT_07517,400.0
OUT_07518,200.0
OUT_07519,5100.0
OUT_07520,300.0
OUT_07521,200.0
OUT_07522,200.0
OUT_07523,100.0
OUT_07524,300.0
OUT_07525,300.0
OUT_07526,100.0
OUT_07527,100.0
OUT_07528,300.0
OUT_07529,100.0
OUT_07530,200.0
OUT_07531,100.0
OUT_07532,400.0
OUT_07533,200.0
OUT_07534,200.0
OUT_07535,200.0
OUT_07536,600.0
OUT_07537,400.0
OUT_07538,100.0
OUT_07539,200.0
OUT_07540,200.0
OUT_07541,400.0
OUT_07542,400.0
OUT_07543,200.0
OUT_07544,100.0
OUT_07545,300.0
OUT_07546,5500.0
OUT_07547,300.0
OUT_07548,100.0
OUT_07549,300.0
OUT_07550,100.0
OUT_07551,200.0
OUT_07552,100.0
OUT_07553,4900.0
OUT_07554,100.0
OUT_07555,300.0
OUT_07556,0.0
OUT_07557,400.0
OUT_07558,400.0
OUT_07559,200.0
OUT_07560,200.0
OUT_07561,300.0
OUT_07562,100.0
OUT_07563,400.0
OUT_07564,200.0
OUT_07565,100.0
OUT_07566,300.0
OUT_07567,400.0
OUT_07568,200.0
OUT_07569,400.0
OUT_07570,400.0
OUT_07571,300.0
OUT_07572,300.0
OUT_07573,100.0
OUT_07574,2200.0
OUT_07575,300.0
OUT_07576,400.0
OUT_07577,400.0
OUT_07578,600.0
OUT_07579,200.0
OUT_07580,300.0
OUT_07581,400.0
OUT_07582,0.0
OUT_07583,200.0
OUT_07584,300.0
OUT_07585,200.0
OUT_07586,300.0
OUT_07587,600.0
OUT_07588,100.0
OUT_07589,200.0
OUT_07590,2700.0
OUT_07591,700.0
OUT_07592,200.0
OUT_07593,200.0
OUT_07594,400.0
OUT_07595,200.0
OUT_07596,100.0
OUT_07597,200.0
OUT_07598,300.0
OUT_07599,200.0
OUT_07600,600.0
OUT_07601,300.0
OUT_07602,200.0
OUT_07603,100.0
OUT_07604,5300.0
OUT_07605,700.0
OUT_07606,100.0
OUT_07607,300.0
OUT_07608,400.0
OUT_07609,300.0
OUT_07610,200.0
OUT_07611,400.0
OUT_07612,100.0
OUT_07613,100.0
OUT_07614,100.0
OUT_07615,400.0
OUT_07616,300.0
OUT_07617,2700.0
OUT_07618,100.0
OUT_07619,700.0
OUT_07620,200.0
OUT_07621,300.0
OUT_07622,400.0
OUT_07623,100.0
OUT_07624,300.0
OUT_07625,900.0
OUT_07626,0.0
OUT_07627,500.0
OUT_07628,100.0
OUT_07629,500.0
OUT_07630,100.0
OUT_07631,0.0
OUT_07632,200.0
OUT_07633,600.0
OUT_07634,100.0
OUT_07635,500.0
OUT_07636,500.0
OUT_07637,300.0
OUT_07638,300.0
OUT_07639,5600.0
OUT_07640,200.0
OUT_07641,300.0
OUT_07642,400.0
OUT_07643,400.0
OUT_07644,300.0
OUT_07645,300.0
OUT_07646,400.0
OUT_07647,200.0
OUT_07648,200.0
OUT_07649,300.0
OUT_07650,400.0
OUT_07651,200.0
OUT_07652,200.0
OUT_07653,100.0
OUT_07654,300.0
OUT_07655,4600.0
OUT_07656,400.0
OUT_07657,0.0
OUT_07658,4900.0
OUT_07659,300.0
OUT_07660,300.0
OUT_07661,300.0
OUT_07662,400.0
OUT_07663,200.0
OUT_07664,400.0
OUT_07665,100.0
OUT_07666,200.0
OUT_07667,200.0
OUT_07668,200.0
OUT_07669,300.0
OUT_07670,200.0
OUT_07671,500.0
OUT_07672,300.0
OUT_07673,300.0
OUT_07674,1000.0
OUT_07675,100.0
OUT_07676,0.0
OUT_07677,600.0
OUT_07678,400.0
OUT_07679,900.0
OUT_07680,300.0
OUT_07681,400.0
OUT_07682,400.0
OUT_07683,300.0
OUT_07684,400.0
OUT_07685,500.0
OUT_07686,200.0
OUT_07687,4800.0
OUT_07688,4500.0
OUT_07689,500.0
OUT_07690,400.0
OUT_07691,200.0
OUT_07692,300.0
OUT_07693,300.0
OUT_07694,200.0
OUT_07695,300.0
OUT_07696,200.0
OUT_07697,300.0
OUT_07698,400.0
OUT_07699,200.0
OUT_07700,100.0
OUT_07701,300.0
OUT_07702,700.0
OUT_07703,4800.0
OUT_07704,600.0
OUT_07705,300.0
OUT_07706,200.0
OUT_07707,0.0
OUT_07708,400.0
OUT_07709,300.0
OUT_07710,300.0
OUT_07711,200.0
OUT_07712,400.0
OUT_07713,300.0
OUT_07714,300.0
OUT_07715,500.0
OUT_07716,300.0
OUT_07717,200.0
OUT_07718,400.0
OUT_07719,200.0
OUT_07720,4500.0
OUT_07721,400.0
OUT_07722,500.0
OUT_07723,400.0
OUT_07724,300.0
OUT_07725,300.0
OUT_07726,300.0
OUT_07727,300.0
OUT_07728,100.0
OUT_07729,200.0
OUT_07730,200.0
OUT_07731,200.0
OUT_07732,300.0
OUT_07733,300.0
OUT_07734,500.0
OUT_07735,100.0
OUT_07736,4700.0
OUT_07737,100.0
OUT_07738,200.0
OUT_07739,400.0
OUT_07740,300.0
OUT_07741,100.0
OUT_07742,1900.0
OUT_07743,300.0
OUT_07744,200.0
OUT_07745,300.0
OUT_07746,500.0
OUT_07747,300.0
OUT_07748,300.0
OUT_07749,200.0
OUT_07750,300.0
OUT_07751,100.0
OUT_07752,100.0
OUT_07753,300.0
OUT_07754,200.0
OUT_07755,300.0
OUT_07756,100.0
OUT_07757,200.0
OUT_07758,100.0
OUT_07759,0.0
OUT_07760,400.0
OUT_07761,200.0
OUT_07762,4200.0
OUT_07763,200.0
OUT_07764,300.0
OUT_07765,4900.0
OUT_07766,200.0
OUT_07767,400.0
OUT_07768,400.0
OUT_07769,500.0
OUT_07770,300.0
OUT_07771,300.0
OUT_07772,500.0
OUT_07773,200.0
OUT_07774,300.0
OUT_07775,500.0
OUT_07776,100.0
OUT_07777,400.0
OUT_07778,200.0
OUT_07779,200.0
OUT_07780,200.0
OUT_07781,500.0
OUT_07782,300.0
OUT_07783,100.0
OUT_07784,200.0
OUT_07785,300.0
OUT_07786,800.0
OUT_07787,700.0
OUT_07788,200.0
OUT_07789,200.0
OUT_07790,300.0
OUT_07791,500.0
OUT_07792,1000.0
OUT_07793,700.0
OUT_07794,100.0
OUT_07795,900.0
OUT_07796,5600.0
OUT_07797,100.0
OUT_07798,300.0
OUT_07799,200.0
OUT_07800,200.0
OUT_07801,700.0
OUT_07802,0.0
OUT_07803,400.0
OUT_07804,200.0
OUT_07805,400.0
OUT_07806,200.0
OUT_07807,200.0
OUT_07808,300.0
OUT_07809,300.0
OUT_07810,3500.0
OUT_07811,200.0
OUT_07812,400.0
OUT_07813,200.0
OUT_07814,100.0
OUT_07815,5600.0
OUT_07816,100.0
OUT_07817,600.0
OUT_07818,100.0
OUT_07819,300.0
OUT_07820,300.0
OUT_07821,400.0
OUT_07822,300.0
OUT_07823,500.0
OUT_07824,0.0
OUT_07825,400.0
OUT_07826,100.0
OUT_07827,400.0
OUT_07828,100.0
OUT_07829,300.0
OUT_07830,400.0
OUT_07831,200.0
OUT_07832,500.0
OUT_07833,300.0
OUT_07834,300.0
OUT_07835,200.0
OUT_07836,200.0
OUT_07837,4500.0
OUT_07838,400.0
OUT_07839,400.0
OUT_07840,300.0
OUT_07841,200.0
OUT_07842,300.0
OUT_07843,200.0
OUT_07844,100.0
OUT_07845,500.0
OUT_07846,500.0
OUT_07847,200.0
OUT_07848,100.0
OUT_07849,200.0
OUT_07850,200.0
OUT_07851,200.0
OUT_07852,200.0
OUT_07853,300.0
OUT_07854,100.0
OUT_07855,200.0
OUT_07856,300.0
OUT_07857,300.0
OUT_07858,600.0
OUT_07859,700.0
OUT_07860,500.0
OUT_07861,500.0
OUT_07862,0.0
OUT_07863,300.0
OUT_07864,300.0
OUT_07865,300.0
OUT_07866,200.0
OUT_07867,400.0
OUT_07868,400.0
OUT_07869,200.0
OUT_07870,300.0
OUT_07871,200.0
OUT_07872,100.0
OUT_07873,300.0
OUT_07874,200.0
OUT_07875,700.0
OUT_07876,4500.0
OUT_07877,5000.0
OUT_07878,400.0
OUT_07879,500.0
OUT_07880,5100.0
OUT_07881,200.0
OUT_07882,100.0
OUT_07883,400.0
OUT_07884,300.0
OUT_07885,300.0
OUT_07886,400.0
OUT_07887,100.0
OUT_07888,300.0
OUT_07889,100.0
OUT_07890,100.0
OUT_07891,200.0
OUT_07892,400.0
OUT_07893,600.0
OUT_07894,400.0
OUT_07895,200.0
OUT_07896,4500.0
OUT_07897,2300.0
OUT_07898,300.0
OUT_07899,400.0
OUT_07900,200.0
OUT_07901,500.0
OUT_07902,200.0
OUT_07903,200.0
OUT_07904,0.0
OUT_07905,400.0
OUT_07906,100.0
OUT_07907,100.0
OUT_07908,500.0
OUT_07909,300.0
OUT_07910,400.0
OUT_07911,700.0
OUT_07912,300.0
OUT_07913,400.0
OUT_07914,200.0
OUT_07915,200.0
OUT_07916,4500.0
OUT_07917,400.0
OUT_07918,200.0
OUT_07919,200.0
OUT_07920,300.0
OUT_07921,100.0
OUT_07922,200.0
OUT_07923,3300.0
OUT_07924,600.0
OUT_07925,4400.0
OUT_07926,100.0
OUT_07927,400.0
OUT_07928,200.0
OUT_07929,200.0
OUT_07930,400.0
OUT_07931,400.0
OUT_07932,200.0
OUT_07933,400.0
OUT_07934,200.0
OUT_07935,500.0
OUT_07936,100.0
OUT_07937,200.0
OUT_07938,700.0
OUT_07939,400.0
OUT_07940,200.0
OUT_07941,200.0
OUT_07942,300.0
OUT_07943,300.0
OUT_07944,400.0
OUT_07945,300.0
OUT_07946,200.0
OUT_07947,400.0
OUT_07948,500.0
OUT_07949,800.0
OUT_07950,0.0
OUT_07951,400.0
OUT_07952,100.0
OUT_07953,200.0
OUT_07954,300.0
OUT_07955,400.0
OUT_07956,500.0
OUT_07957,300.0
OUT_07958,300.0
OUT_07959,100.0
OUT_07960,100.0
OUT_07961,100.0
OUT_07962,500.0
OUT_07963,400.0
OUT_07964,100.0
OUT_07965,200.0
OUT_07966,300.0
OUT_07967,2000.0
OUT_07968,200.0
OUT_07969,300.0
OUT_07970,2100.0
OUT_07971,700.0
OUT_07972,400.0
OUT_07973,400.0
OUT_07974,300.0
OUT_07975,200.0
OUT_07976,200.0
OUT_07977,300.0
OUT_07978,400.0
OUT_07979,200.0
OUT_07980,4600.0
OUT_07981,300.0
OUT_07982,200.0
OUT_07983,200.0
OUT_07984,200.0
OUT_07985,700.0
OUT_07986,400.0
OUT_07987,300.0
OUT_07988,400.0
OUT_07989,300.0
OUT_07990,300.0
OUT_07991,2500.0
OUT_07992,300.0
OUT_07993,600.0
OUT_07994,100.0
OUT_07995,400.0
OUT_07996,300.0
OUT_07997,300.0
OUT_07998,100.0
OUT_07999,200.0
OUT_08000,300.0
OUT_08001,600.0
OUT_08002,200.0
OUT_08003,300.0
OUT_08004,300.0
OUT_08005,300.0
OUT_08006,200.0
OUT_08007,200.0
OUT_08008,500.0
OUT_08009,200.0
OUT_08010,200.0
OUT_08011,200.0
OUT_08012,400.0
OUT_08013,300.0
OUT_08014,400.0
OUT_08015,600.0
OUT_08016,100.0
OUT_08017,300.0
OUT_08018,200.0
OUT_08019,400.0
OUT_08020,0.0
OUT_08021,100.0
OUT_08022,400.0
OUT_08023,400.0
OUT_08024,300.0
OUT_08025,600.0
OUT_08026,200.0
OUT_08027,200.0
OUT_08028,100.0
OUT_08029,400.0
OUT_08030,2500.0
OUT_08031,100.0
OUT_08032,5100.0
OUT_08033,4200.0
OUT_08034,200.0
OUT_08035,300.0
OUT_08036,300.0
OUT_08037,400.0
OUT_08038,400.0
OUT_08039,400.0
OUT_08040,0.0
OUT_08041,2900.0
OUT_08042,200.0
OUT_08043,200.0
OUT_08044,200.0
OUT_08045,4700.0
OUT_08046,300.0
OUT_08047,5200.0
OUT_08048,100.0
OUT_08049,100.0
OUT_08050,500.0
OUT_08051,100.0
OUT_08052,200.0
OUT_08053,100.0
OUT_08054,300.0
OUT_08055,700.0
OUT_08056,300.0
OUT_08057,300.0
OUT_08058,400.0
OUT_08059,500.0
OUT_08060,400.0
OUT_08061,300.0
OUT_08062,500.0
OUT_08063,300.0
OUT_08064,100.0
OUT_08065,400.0
OUT_08066,700.0
OUT_08067,1000.0
OUT_08068,100.0
OUT_08069,300.0
OUT_08070,300.0
OUT_08071,100.0
OUT_08072,300.0
OUT_08073,300.0
OUT_08074,100.0
OUT_08075,400.0
OUT_08076,300.0
OUT_08077,200.0
OUT_08078,200.0
OUT_08079,4600.0
OUT_08080,200.0
OUT_08081,100.0
OUT_08082,200.0
OUT_08083,500.0
OUT_08084,400.0
OUT_08085,400.0
OUT_08086,200.0
OUT_08087,300.0
OUT_08088,200.0
OUT_08089,200.0
OUT_08090,5100.0
OUT_08091,300.0
OUT_08092,300.0
OUT_08093,400.0
OUT_08094,200.0
OUT_08095,100.0
OUT_08096,100.0
OUT_08097,500.0
OUT_08098,600.0
OUT_08099,2400.0
OUT_08100,4500.0
OUT_08101,100.0
OUT_08102,300.0
OUT_08103,100.0
OUT_08104,200.0
OUT_08105,300.0
OUT_08106,200.0
OUT_08107,300.0
OUT_08108,300.0
OUT_08109,4600.0
OUT_08110,200.0
OUT_08111,200.0
OUT_08112,800.0
OUT_08113,300.0
OUT_08114,700.0
OUT_08115,400.0
OUT_08116,200.0
OUT_08117,300.0
OUT_08118,700.0
OUT_08119,200.0
OUT_08120,2100.0
OUT_08121,300.0
OUT_08122,100.0
OUT_08123,200.0
OUT_08124,100.0
OUT_08125,400.0
OUT_08126,600.0
OUT_08127,300.0
OUT_08128,600.0
OUT_08129,600.0
OUT_08130,300.0
OUT_08131,400.0
OUT_08132,100.0
OUT_08133,200.0
OUT_08134,300.0
OUT_08135,500.0
OUT_08136,300.0
OUT_08137,300.0
OUT_08138,200.0
OUT_08139,200.0
OUT_08140,700.0
OUT_08141,400.0
OUT_08142,100.0
OUT_08143,300.0
OUT_08144,200.0
OUT_08145,500.0
OUT_08146,200.0
OUT_08147,100.0
OUT_08148,400.0
OUT_08149,400.0
OUT_08150,200.0
OUT_08151,400.0
OUT_08152,300.0
OUT_08153,300.0
OUT_08154,200.0
OUT_08155,400.0
OUT_08156,400.0
OUT_08157,200.0
OUT_08158,600.0
OUT_08159,4500.0
OUT_08160,500.0
OUT_08161,200.0
OUT_08162,300.0
OUT_08163,100.0
OUT_08164,100.0
OUT_08165,200.0
OUT_08166,200.0
OUT_08167,200.0
OUT_08168,0.0
OUT_08169,400.0
OUT_08170,100.0
OUT_08171,200.0
OUT_08172,300.0
OUT_08173,300.0
OUT_08174,200.0
OUT_08175,700.0
OUT_08176,400.0
OUT_08177,400.0
OUT_08178,200.0
OUT_08179,600.0
OUT_08180,300.0
OUT_08181,500.0
OUT_08182,500.0
OUT_08183,200.0
OUT_08184,300.0
OUT_08185,200.0
OUT_08186,600.0
OUT_08187,500.0
OUT_08188,200.0
OUT_08189,100.0
OUT_08190,300.0
OUT_08191,100.0
OUT_08192,500.0
OUT_08193,200.0
OUT_08194,200.0
OUT_08195,700.0
OUT_08196,300.0
OUT_08197,0.0
OUT_08198,400.0
OUT_08199,500.0
OUT_08200,200.0
OUT_08201,4100.0
OUT_08202,100.0
OUT_08203,100.0
OUT_08204,300.0
OUT_08205,400.0
OUT_08206,500.0
OUT_08207,200.0
OUT_08208,400.0
OUT_08209,200.0
OUT_08210,400.0
OUT_08211,200.0
OUT_08212,0.0
OUT_08213,300.0
OUT_08214,300.0
OUT_08215,300.0
OUT_08216,2200.0
OUT_08217,700.0
OUT_08218,4900.0
OUT_08219,400.0
OUT_08220,300.0
OUT_08221,500.0
OUT_08222,900.0
OUT_08223,200.0
OUT_08224,200.0
OUT_08225,400.0
OUT_08226,4500.0
OUT_08227,500.0
OUT_08228,700.0
OUT_08229,200.0
OUT_08230,500.0
OUT_08231,4400.0
OUT_08232,400.0
OUT_08233,800.0
OUT_08234,600.0
OUT_08235,100.0
OUT_08236,200.0
OUT_08237,500.0
OUT_08238,200.0
OUT_08239,300.0
OUT_08240,200.0
OUT_08241,600.0
OUT_08242,0.0
OUT_08243,700.0
OUT_08244,400.0
OUT_08245,400.0
OUT_08246,300.0
OUT_08247,300.0
OUT_08248,300.0
OUT_08249,0.0
OUT_08250,300.0
OUT_08251,400.0
OUT_08252,400.0
OUT_08253,300.0
OUT_08254,400.0
OUT_08255,300.0
OUT_08256,200.0
OUT_08257,300.0
OUT_08258,200.0
OUT_08259,200.0
OUT_08260,900.0
OUT_08261,500.0
OUT_08262,300.0
OUT_08263,0.0
OUT_08264,300.0
OUT_08265,400.0
OUT_08266,200.0
OUT_08267,300.0
OUT_08268,0.0
OUT_08269,300.0
OUT_08270,300.0
OUT_08271,800.0
OUT_08272,200.0
OUT_08273,400.0
OUT_08274,300.0
OUT_08275,600.0
OUT_08276,300.0
OUT_08277,300.0
OUT_08278,4200.0
OUT_08279,300.0
OUT_08280,2300.0
OUT_08281,600.0
OUT_08282,200.0
OUT_08283,100.0
OUT_08284,200.0
OUT_08285,100.0
OUT_08286,400.0
OUT_08287,300.0
OUT_08288,400.0
OUT_08289,300.0
OUT_08290,300.0
OUT_08291,100.0
OUT_08292,600.0
OUT_08293,0.0
OUT_08294,300.0
OUT_08295,100.0
OUT_08296,4500.0
OUT_08297,100.0
OUT_08298,5100.0
OUT_08299,200.0
OUT_08300,400.0
OUT_08301,200.0
OUT_08302,200.0
OUT_08303,300.0
OUT_08304,4200.0
OUT_08305,700.0
OUT_08306,100.0
OUT_08307,500.0
OUT_08308,200.0
OUT_08309,300.0
OUT_08310,200.0
OUT_08311,200.0
OUT_08312,200.0
OUT_08313,700.0
OUT_08314,200.0
OUT_08315,100.0
OUT_08316,200.0
OUT_08317,200.0
OUT_08318,200.0
OUT_08319,300.0
OUT_08320,200.0
OUT_08321,300.0
OUT_08322,300.0
OUT_08323,400.0
OUT_08324,200.0
OUT_08325,300.0
OUT_08326,300.0
OUT_08327,700.0
OUT_08328,400.0
OUT_08329,400.0
OUT_08330,500.0
OUT_08331,800.0
OUT_08332,1900.0
OUT_08333,300.0
OUT_08334,300.0
OUT_08335,400.0
OUT_08336,0.0
OUT_08337,200.0
OUT_08338,300.0
OUT_08339,100.0
OUT_08340,200.0
OUT_08341,100.0
OUT_08342,500.0
OUT_08343,100.0
OUT_08344,400.0
OUT_08345,100.0
OUT_08346,300.0
OUT_08347,600.0
OUT_08348,500.0
OUT_08349,100.0
OUT_08350,100.0
OUT_08351,300.0
OUT_08352,100.0
OUT_08353,100.0
OUT_08354,400.0
OUT_08355,500.0
OUT_08356,300.0
OUT_08357,300.0
OUT_08358,300.0
OUT_08359,200.0
OUT_08360,700.0
OUT_08361,400.0
OUT_08362,500.0
OUT_08363,100.0
OUT_08364,200.0
OUT_08365,200.0
OUT_08366,200.0
OUT_08367,100.0
OUT_08368,100.0
OUT_08369,100.0
OUT_08370,300.0
OUT_08371,400.0
OUT_08372,100.0
OUT_08373,300.0
OUT_08374,200.0
OUT_08375,400.0
OUT_08376,400.0
OUT_08377,300.0
OUT_08378,300.0
OUT_08379,300.0
OUT_08380,300.0
OUT_08381,400.0
OUT_08382,300.0
OUT_08383,100.0
OUT_08384,100.0
OUT_08385,200.0
OUT_08386,400.0
OUT_08387,400.0
OUT_08388,300.0
OUT_08389,300.0
OUT_08390,200.0
OUT_08391,300.0
OUT_08392,200.0
OUT_08393,300.0
OUT_08394,300.0
OUT_08395,300.0
OUT_08396,300.0
OUT_08397,200.0
OUT_08398,300.0
OUT_08399,300.0
OUT_08400,900.0
OUT_08401,100.0
OUT_08402,4900.0
OUT_08403,100.0
OUT_08404,200.0
OUT_08405,200.0
OUT_08406,300.0
OUT_08407,100.0
OUT_08408,2600.0
OUT_08409,100.0
OUT_08410,100.0
OUT_08411,300.0
OUT_08412,300.0
OUT_08413,300.0
OUT_08414,300.0
OUT_08415,100.0
OUT_08416,200.0
OUT_08417,200.0
OUT_08418,400.0
OUT_08419,300.0
OUT_08420,0.0
OUT_08421,200.0
OUT_08422,300.0
OUT_08423,100.0
OUT_08424,300.0
OUT_08425,100.0
OUT_08426,200.0
OUT_08427,500.0
OUT_08428,300.0
OUT_08429,200.0
OUT_08430,100.0
OUT_08431,100.0
OUT_08432,3700.0
OUT_08433,300.0
OUT_08434,300.0
OUT_08435,200.0
OUT_08436,400.0
OUT_08437,600.0
OUT_08438,700.0
OUT_08439,200.0
OUT_08440,200.0
OUT_08441,300.0
OUT_08442,5100.0
OUT_08443,500.0
OUT_08444,200.0
OUT_08445,200.0
OUT_08446,400.0
OUT_08447,300.0
OUT_08448,300.0
OUT_08449,600.0
OUT_08450,300.0
OUT_08451,0.0
OUT_08452,5100.0
OUT_08453,200.0
OUT_08454,200.0
OUT_08455,500.0
OUT_08456,200.0
OUT_08457,800.0
OUT_08458,700.0
OUT_08459,300.0
OUT_08460,100.0
OUT_08461,400.0
OUT_08462,200.0
OUT_08463,400.0
OUT_08464,1600.0
OUT_08465,200.0
OUT_08466,400.0
OUT_08467,300.0
OUT_08468,200.0
OUT_08469,300.0
OUT_08470,500.0
OUT_08471,200.0
OUT_08472,300.0
OUT_08473,300.0
OUT_08474,600.0
OUT_08475,300.0
OUT_08476,400.0
OUT_08477,500.0
OUT_08478,200.0
OUT_08479,100.0
OUT_08480,200.0
OUT_08481,100.0
OUT_08482,300.0
OUT_08483,200.0
OUT_08484,4600.0
OUT_08485,4900.0
OUT_08486,200.0
OUT_08487,100.0
OUT_08488,200.0
OUT_08489,400.0
OUT_08490,300.0
OUT_08491,400.0
OUT_08492,500.0
OUT_08493,800.0
OUT_08494,200.0
OUT_08495,200.0
OUT_08496,600.0
OUT_08497,300.0
OUT_08498,100.0
OUT_08499,100.0
OUT_08500,100.0
OUT_08501,200.0
OUT_08502,2400.0
OUT_08503,200.0
OUT_08504,300.0
OUT_08505,100.0
OUT_08506,600.0
OUT_08507,200.0
OUT_08508,300.0
OUT_08509,400.0
OUT_08510,100.0
OUT_08511,100.0
OUT_08512,300.0
OUT_08513,200.0
OUT_08514,300.0
OUT_08515,500.0
OUT_08516,400.0
OUT_08517,500.0
OUT_08518,400.0
OUT_08519,100.0
OUT_08520,0.0
OUT_08521,300.0
OUT_08522,100.0
OUT_08523,200.0
OUT_08524,300.0
OUT_08525,400.0
OUT_08526,4900.0
OUT_08527,400.0
OUT_08528,200.0
OUT_08529,200.0
OUT_08530,400.0
OUT_08531,300.0
OUT_08532,400.0
OUT_08533,300.0
OUT_08534,400.0
OUT_08535,200.0
OUT_08536,200.0
OUT_08537,2200.0
OUT_08538,400.0
OUT_08539,300.0
OUT_08540,600.0
OUT_08541,300.0
OUT_08542,100.0
OUT_08543,200.0
OUT_08544,800.0
OUT_08545,300.0
OUT_08546,0.0
OUT_08547,100.0
OUT_08548,300.0
OUT_08549,4500.0
OUT_08550,1900.0
OUT_08551,200.0
OUT_08552,1000.0
OUT_08553,200.0
OUT_08554,300.0
OUT_08555,500.0
OUT_08556,200.0
OUT_08557,100.0
OUT_08558,300.0
OUT_08559,1800.0
OUT_08560,200.0
OUT_08561,200.0
OUT_08562,200.0
OUT_08563,400.0
OUT_08564,500.0
OUT_08565,600.0
OUT_08566,200.0
OUT_08567,300.0
OUT_08568,500.0
OUT_08569,100.0
OUT_08570,200.0
OUT_08571,400.0
OUT_08572,200.0
OUT_08573,400.0
OUT_08574,200.0
OUT_08575,400.0
OUT_08576,200.0
OUT_08577,400.0
OUT_08578,400.0
OUT_08579,100.0
OUT_08580,400.0
OUT_08581,500.0
OUT_08582,300.0
OUT_08583,4400.0
OUT_08584,100.0
OUT_08585,200.0
OUT_08586,300.0
OUT_08587,200.0
OUT_08588,200.0
OUT_08589,200.0
OUT_08590,300.0
OUT_08591,200.0
OUT_08592,400.0
OUT_08593,100.0
OUT_08594,400.0
OUT_08595,400.0
OUT_08596,500.0
OUT_08597,200.0
OUT_08598,0.0
OUT_08599,0.0
OUT_08600,200.0
OUT_08601,200.0
OUT_08602,200.0
OUT_08603,500.0
OUT_08604,0.0
OUT_08605,300.0
OUT_08606,400.0
OUT_08607,200.0
OUT_08608,400.0
OUT_08609,200.0
OUT_08610,300.0
OUT_08611,200.0
OUT_08612,400.0
OUT_08613,300.0
OUT_08614,4800.0
OUT_08615,400.0
OUT_08616,200.0
OUT_08617,400.0
OUT_08618,300.0
OUT_08619,700.0
OUT_08620,100.0
OUT_08621,200.0
OUT_08622,200.0
OUT_08623,300.0
OUT_08624,200.0
OUT_08625,4200.0
OUT_08626,300.0
OUT_08627,100.0
OUT_08628,300.0
OUT_08629,100.0
OUT_08630,700.0
OUT_08631,300.0
OUT_08632,200.0
OUT_08633,400.0
OUT_08634,200.0
OUT_08635,200.0
OUT_08636,4700.0
OUT_08637,100.0
OUT_08638,200.0
OUT_08639,200.0
OUT_08640,200.0
OUT_08641,300.0
OUT_08642,700.0
OUT_08643,400.0
OUT_08644,300.0
OUT_08645,100.0
OUT_08646,200.0
OUT_08647,400.0
OUT_08648,300.0
OUT_08649,100.0
OUT_08650,300.0
OUT_08651,4400.0
OUT_08652,800.0
OUT_08653,400.0
OUT_08654,200.0
OUT_08655,300.0
OUT_08656,200.0
OUT_08657,300.0
OUT_08658,2400.0
OUT_08659,100.0
OUT_08660,4600.0
OUT_08661,400.0
OUT_08662,300.0
OUT_08663,200.0
OUT_08664,0.0
OUT_08665,700.0
OUT_08666,4600.0
OUT_08667,100.0
OUT_08668,200.0
OUT_08669,200.0
OUT_08670,900.0
OUT_08671,0.0
OUT_08672,200.0
OUT_08673,700.0
OUT_08674,200.0
OUT_08675,300.0
OUT_08676,3800.0
OUT_08677,400.0
OUT_08678,200.0
OUT_08679,400.0
OUT_08680,300.0
OUT_08681,100.0
OUT_08682,400.0
OUT_08683,400.0
OUT_08684,100.0
OUT_08685,100.0
OUT_08686,300.0
OUT_08687,300.0
OUT_08688,200.0
OUT_08689,200.0
OUT_08690,100.0
OUT_08691,300.0
OUT_08692,200.0
OUT_08693,400.0
OUT_08694,500.0
OUT_08695,2700.0
OUT_08696,100.0
OUT_08697,400.0
OUT_08698,200.0
OUT_08699,200.0
OUT_08700,400.0
OUT_08701,300.0
OUT_08702,300.0
OUT_08703,200.0
OUT_08704,600.0
OUT_08705,200.0
OUT_08706,200.0
OUT_08707,300.0
OUT_08708,800.0
OUT_08709,200.0
OUT_08710,100.0
OUT_08711,200.0
OUT_08712,400.0
OUT_08713,0.0
OUT_08714,300.0
OUT_08715,200.0
OUT_08716,4300.0
OUT_08717,300.0
OUT_08718,300.0
OUT_08719,200.0
OUT_08720,300.0
OUT_08721,2200.0
OUT_08722,400.0
OUT_08723,300.0
OUT_08724,200.0
OUT_08725,200.0
OUT_08726,200.0
OUT_08727,200.0
OUT_08728,500.0
OUT_08729,200.0
OUT_08730,300.0
OUT_08731,200.0
OUT_08732,400.0
OUT_08733,100.0
OUT_08734,100.0
OUT_08735,300.0
OUT_08736,1900.0
OUT_08737,0.0
OUT_08738,300.0
OUT_08739,3600.0
OUT_08740,300.0
OUT_08741,200.0
OUT_08742,300.0
OUT_08743,400.0
OUT_08744,200.0
OUT_08745,200.0
OUT_08746,400.0
OUT_08747,100.0
OUT_08748,300.0
OUT_08749,500.0
OUT_08750,300.0
OUT_08751,300.0
OUT_08752,300.0
OUT_08753,400.0
OUT_08754,200.0
OUT_08755,100.0
OUT_08756,600.0
OUT_08757,200.0
OUT_08758,400.0
OUT_08759,400.0
OUT_08760,100.0
OUT_08761,600.0
OUT_08762,0.0
OUT_08763,300.0
OUT_08764,2100.0
OUT_08765,200.0
OUT_08766,300.0
OUT_08767,500.0
OUT_08768,400.0
OUT_08769,200.0
OUT_08770,300.0
OUT_08771,300.0
OUT_08772,200.0
OUT_08773,200.0
OUT_08774,400.0
OUT_08775,400.0
OUT_08776,700.0
OUT_08777,400.0
OUT_08778,300.0
OUT_08779,300.0
OUT_08780,300.0
OUT_08781,300.0
OUT_08782,400.0
OUT_08783,600.0
OUT_08784,400.0
OUT_08785,500.0
OUT_08786,100.0
OUT_08787,400.0
OUT_08788,300.0
OUT_08789,600.0
OUT_08790,100.0
OUT_08791,300.0
OUT_08792,400.0
OUT_08793,400.0
OUT_08794,400.0
OUT_08795,300.0
OUT_08796,200.0
OUT_08797,200.0
OUT_08798,100.0
OUT_08799,400.0
OUT_08800,300.0
OUT_08801,300.0
OUT_08802,200.0
OUT_08803,300.0
OUT_08804,200.0
OUT_08805,5200.0
OUT_08806,100.0
OUT_08807,300.0
OUT_08808,300.0
OUT_08809,300.0
OUT_08810,200.0
OUT_08811,200.0
OUT_08812,200.0
OUT_08813,200.0
OUT_08814,400.0
OUT_08815,800.0
OUT_08816,200.0
OUT_08817,400.0
OUT_08818,300.0
OUT_08819,300.0
OUT_08820,200.0
OUT_08821,400.0
OUT_08822,300.0
OUT_08823,400.0
OUT_08824,200.0
OUT_08825,100.0
OUT_08826,500.0
OUT_08827,4500.0
OUT_08828,300.0
OUT_08829,200.0
OUT_08830,300.0
OUT_08831,4300.0
OUT_08832,200.0
OUT_08833,100.0
OUT_08834,400.0
OUT_08835,4700.0
OUT_08836,200.0
OUT_08837,200.0
OUT_08838,300.0
OUT_08839,200.0
OUT_08840,700.0
OUT_08841,600.0
OUT_08842,100.0
OUT_08843,500.0
OUT_08844,200.0
OUT_08845,200.0
OUT_08846,300.0
OUT_08847,400.0
OUT_08848,200.0
OUT_08849,400.0
OUT_08850,800.0
OUT_08851,200.0
OUT_08852,100.0
OUT_08853,300.0
OUT_08854,100.0
OUT_08855,400.0
OUT_08856,100.0
OUT_08857,400.0
OUT_08858,300.0
OUT_08859,200.0
OUT_08860,500.0
OUT_08861,400.0
OUT_08862,200.0
OUT_08863,200.0
OUT_08864,100.0
OUT_08865,200.0
OUT_08866,400.0
OUT_08867,400.0
OUT_08868,100.0
OUT_08869,200.0
OUT_08870,300.0
OUT_08871,800.0
OUT_08872,3500.0
OUT_08873,200.0
OUT_08874,100.0
OUT_08875,300.0
OUT_08876,100.0
OUT_08877,800.0
OUT_08878,400.0
OUT_08879,200.0
OUT_08880,300.0
OUT_08881,0.0
OUT_08882,400.0
OUT_08883,700.0
OUT_08884,500.0
OUT_08885,200.0
OUT_08886,2600.0
OUT_08887,300.0
OUT_08888,400.0
OUT_08889,400.0
OUT_08890,200.0
OUT_08891,400.0
OUT_08892,300.0
OUT_08893,400.0
OUT_08894,400.0
OUT_08895,600.0
OUT_08896,0.0
OUT_08897,400.0
OUT_08898,700.0
OUT_08899,400.0
OUT_08900,300.0
OUT_08901,200.0
OUT_08902,300.0
OUT_08903,300.0
OUT_08904,400.0
OUT_08905,200.0
OUT_08906,300.0
OUT_08907,300.0
OUT_08908,0.0
OUT_08909,100.0
OUT_08910,600.0
OUT_08911,100.0
OUT_08912,200.0
OUT_08913,900.0
OUT_08914,600.0
OUT_08915,100.0
OUT_08916,100.0
OUT_08917,300.0
OUT_08918,300.0
OUT_08919,200.0
OUT_08920,100.0
OUT_08921,600.0
OUT_08922,200.0
OUT_08923,100.0
OUT_08924,200.0
OUT_08925,600.0
OUT_08926,200.0
OUT_08927,300.0
OUT_08928,600.0
OUT_08929,4800.0
OUT_08930,200.0
OUT_08931,0.0
OUT_08932,100.0
OUT_08933,300.0
OUT_08934,300.0
OUT_08935,300.0
OUT_08936,200.0
OUT_08937,300.0
OUT_08938,700.0
OUT_08939,100.0
OUT_08940,300.0
OUT_08941,300.0
OUT_08942,200.0
OUT_08943,200.0
OUT_08944,2300.0
OUT_08945,200.0
OUT_08946,500.0
OUT_08947,3500.0
OUT_08948,100.0
OUT_08949,300.0
OUT_08950,300.0
OUT_08951,200.0
OUT_08952,200.0
OUT_08953,200.0
OUT_08954,200.0
OUT_08955,100.0
OUT_08956,400.0
OUT_08957,0.0
OUT_08958,700.0
OUT_08959,300.0
OUT_08960,300.0
OUT_08961,300.0
OUT_08962,100.0
OUT_08963,100.0
OUT_08964,300.0
OUT_08965,800.0
OUT_08966,300.0
OUT_08967,300.0
OUT_08968,500.0
OUT_08969,600.0
OUT_08970,400.0
OUT_08971,200.0
OUT_08972,200.0
OUT_08973,300.0
OUT_08974,300.0
OUT_08975,200.0
OUT_08976,100.0
OUT_08977,200.0
OUT_08978,2400.0
OUT_08979,400.0
OUT_08980,300.0
OUT_08981,100.0
OUT_08982,200.0
OUT_08983,200.0
OUT_08984,200.0
OUT_08985,400.0
OUT_08986,2500.0
OUT_08987,300.0
OUT_08988,100.0
OUT_08989,200.0
OUT_08990,100.0
OUT_08991,400.0
OUT_08992,2500.0
OUT_08993,100.0
OUT_08994,200.0
OUT_08995,6300.0
OUT_08996,0.0
OUT_08997,500.0
OUT_08998,400.0
OUT_08999,400.0
OUT_09000,400.0
